Country of origin (ISO),Country of asylum (ISO),Country of origin,Country of asylum,FDP,Income group,population,asylum_latitude,asylum_longitude,origin_latitude,origin_longitude,FDP over pop,fdprank,rank
AFG,IRN,Afghanistan,Iran,778054,Upper middle income,85028760,32.427908,53.688046,33.93911,67.709953,915.048037863895,2,1
AFG,PAK,Afghanistan,Pakistan,1503822,Lower middle income,225199929,30.375321,69.345116,33.93911,67.709953,667.77196896896,1,2
AFG,AUT,Afghanistan,Austria,48285,High income,8956279,47.516231,14.550072,33.93911,67.709953,539.118980103233,6,3
AFG,GRC,Afghanistan,Greece,37685,High income,10664568,39.074208,21.824312,33.93911,67.709953,353.366399839168,7,4
AFG,SWE,Afghanistan,Sweden,29386,High income,10415811,60.128161,18.643501,33.93911,67.709953,282.128775186109,8,5
AFG,NRU,Afghanistan,Nauru,28,Upper middle income,10873,-0.522778,166.931503,33.93911,67.709953,257.51862411478,66,6
AFG,DEU,Afghanistan,Germany,203373,High income,83129285,51.165691,10.451526,33.93911,67.709953,244.646636862088,3,7
AFG,CHE,Afghanistan,Switzerland,16560,High income,8697723,46.818188,8.227512,33.93911,67.709953,190.39465846406,10,8
AFG,TUR,Afghanistan,Turkey,140709,Upper middle income,85042736,38.963745,35.243322,33.93911,67.709953,165.456812207923,4,9
AFG,TJK,Afghanistan,Tajikistan,13765,Low income,9749625,38.861034,71.276093,33.93911,67.709953,141.184917368617,13,10
AFG,BEL,Afghanistan,Belgium,13234,High income,11587882,50.503887,4.469936,33.93911,67.709953,114.205512275669,14,11
AFG,LUX,Afghanistan,Luxembourg,627,High income,639070,49.815273,6.129583,33.93911,67.709953,98.1113180089818,36,12
AFG,FRA,Afghanistan,France,59484,High income,67499343,46.227638,2.213749,33.93911,67.709953,88.1253021973858,5,13
AFG,FIN,Afghanistan,Finland,4178,High income,5541696,61.92411,25.748151,33.93911,67.709953,75.3920821351442,20,14
AFG,BGR,Afghanistan,Bulgaria,4845,Upper middle income,6899125,42.733883,25.48583,33.93911,67.709953,70.2262968130017,19,15
AFG,NOR,Afghanistan,Norway,3599,High income,5408320,60.472024,8.468946,33.93911,67.709953,66.5456186024496,21,16
AFG,ISL,Afghanistan,Iceland,197,High income,372295,64.963051,-19.020835,33.93911,67.709953,52.915027061873,45,17
AFG,AUS,Afghanistan,Australia,12318,High income,25739256,-25.274398,133.775136,33.93911,67.709953,47.856861130718,16,18
AFG,NLD,Afghanistan,Netherlands,7489,High income,17533405,52.132633,5.291266,33.93911,67.709953,42.7127531703055,17,19
AFG,DNK,Afghanistan,Denmark,2236,High income,5856733,56.26392,9.501785,33.93911,67.709953,38.1782813046113,26,20
AFG,UZB,Afghanistan,Uzbekistan,13032,Lower middle income,34915100,41.377491,64.585262,33.93911,67.709953,37.3248250756836,15,21
AFG,ITA,Afghanistan,Italy,17936,High income,59066225,41.87194,12.56738,33.93911,67.709953,30.3659155464904,9,22
AFG,GBR,Afghanistan,United Kingdom,14585,High income,67326569,55.378051,-3.435973,33.93911,67.709953,21.6630673694363,12,23
AFG,SVN,Afghanistan,Slovenia,399,High income,2107007,46.151241,14.995463,33.93911,67.709953,18.9368141634081,40,24
AFG,HUN,Afghanistan,Hungary,1467,High income,9709886,47.162494,19.503304,33.93911,67.709953,15.1083133210833,28,25
AFG,IRL,Afghanistan,Ireland,719,High income,5028230,53.41291,-8.24389,33.93911,67.709953,14.2992663422318,34,26
AFG,CYP,Afghanistan,Cyprus,160,High income,1215588,35.126413,33.429859,33.93911,67.709953,13.1623543503226,48,27
AFG,LIE,Afghanistan,Liechtenstein,5,High income,38254,47.166,9.555373,33.93911,67.709953,13.0705285721755,95,28
AFG,HRV,Afghanistan,Croatia,490,High income,3899000,45.1,15.2,33.93911,67.709953,12.5673249551167,39,29
AFG,AZE,Afghanistan,Azerbaijan,1215,Upper middle income,10145212,40.143105,47.576927,33.93911,67.709953,11.9760927617875,29,30
AFG,MYS,Afghanistan,Malaysia,2803,Upper middle income,32776195,4.210484,101.975766,33.93911,67.709953,8.55193838088893,23,31
AFG,LTU,Afghanistan,Lithuania,239,High income,2795321,55.169438,23.881275,33.93911,67.709953,8.55000194968664,43,32
AFG,KGZ,Afghanistan,Kyrgyzstan,522,Lower middle income,6694200,41.20438,74.766098,33.93911,67.709953,7.79779510621135,38,33
AFG,CAN,Afghanistan,Canada,2662,High income,38246108,56.130366,-106.346771,33.93911,67.709953,6.96018533441363,24,34
AFG,PRT,Afghanistan,Portugal,715,High income,10299423,39.399872,-8.224454,33.93911,67.709953,6.94213646725647,35,35
AFG,LVA,Afghanistan,Latvia,127,High income,1883162,56.879635,24.603189,33.93911,67.709953,6.74397635466306,52,36
AFG,SYR,Afghanistan,Syria,1149,Low income,18275704,34.802075,38.996815,33.93911,67.709953,6.28703550900146,31,37
AFG,SVK,Afghanistan,Slovakia,342,High income,5447247,48.669026,19.699024,33.93911,67.709953,6.27840081420945,41,38
AFG,ROU,Afghanistan,Romania,1066,Upper middle income,19115146,45.943161,24.96676,33.93911,67.709953,5.57672957350156,33,39
AFG,ESP,Afghanistan,Spain,2248,High income,47326687,40.463667,-3.74922,33.93911,67.709953,4.74996274300798,25,40
AFG,UKR,Afghanistan,Ukraine,1958,Lower middle income,43814581,48.379433,31.16558,33.93911,67.709953,4.46883196258342,27,41
AFG,KAZ,Afghanistan,Kazakhstan,614,Upper middle income,19002586,48.019573,66.923684,33.93911,67.709953,3.23113917232107,37,42
AFG,POL,Afghanistan,Poland,1151,High income,37781024,51.919438,19.145136,33.93911,67.709953,3.04650292167835,30,43
AFG,IDN,Afghanistan,Indonesia,7438,Lower middle income,276361788,-0.789275,113.921327,33.93911,67.709953,2.69139957945271,18,44
AFG,EST,Afghanistan,Estonia,25,High income,1329254,58.595272,25.013607,33.93911,67.709953,1.88075416737508,69,45
AFG,GEO,Afghanistan,Georgia,69,Upper middle income,3708610,42.315407,43.356892,33.93911,67.709953,1.86053534882341,59,46
AFG,CZE,Afghanistan,Czechia,186,High income,10703446,49.817492,15.472962,33.93911,67.709953,1.7377581014563,46,47
AFG,BLR,Afghanistan,Belarus,141,Upper middle income,9340314,53.709807,27.953389,33.93911,67.709953,1.5095852237944,50,48
AFG,NZL,Afghanistan,New Zealand,74,High income,5122600,-40.900557,174.885971,33.93911,67.709953,1.44457892476477,58,49
AFG,IND,Afghanistan,India,16247,Lower middle income,1393409033,20.593684,78.96288,33.93911,67.709953,1.16598928349275,11,50
AFG,MLT,Afghanistan,Malta,5,High income,516869,35.937496,14.375416,33.93911,67.709953,0.967363103610393,98,51
AFG,FJI,Afghanistan,Fiji,8,Upper middle income,902899,-16.578193,179.414413,33.93911,67.709953,0.886034872117479,87,52
AFG,USA,Afghanistan,United States,2861,High income,331893745,37.09024,-95.712891,33.93911,67.709953,0.862022874218374,22,53
AFG,ECU,Afghanistan,Ecuador,147,Upper middle income,17888474,-1.831239,-78.183406,33.93911,67.709953,0.821758189099864,49,54
AFG,MNE,Afghanistan,Montenegro,5,Upper middle income,620173,42.708678,19.37439,33.93911,67.709953,0.806226649660659,96,55
AFG,RUS,Afghanistan,Russian Federation,1114,Upper middle income,143446060,61.52401,105.318756,33.93911,67.709953,0.776598534668711,32,56
AFG,BIH,Afghanistan,Bosnia and Herzegovina,25,Upper middle income,3263459,43.915886,17.679076,33.93911,67.709953,0.766058344842083,68,57
AFG,SAU,Afghanistan,Saudi Arabia,231,High income,35340680,23.885942,45.079162,33.93911,67.709953,0.653637677599865,44,58
AFG,LKA,Afghanistan,Sri Lanka,140,Upper middle income,22156000,7.873054,80.771797,33.93911,67.709953,0.631883011373894,51,59
AFG,SRB,Afghanistan,Serbia,42,Upper middle income,6844078,44.016521,21.005859,33.93911,67.709953,0.613669218848762,62,60
AFG,CHL,Afghanistan,Chile,100,High income,19212362,-35.675147,-71.542969,33.93911,67.709953,0.520498208393117,55,61
AFG,LBN,Afghanistan,Lebanon,35,Upper middle income,6769151,33.854721,35.862285,33.93911,67.709953,0.517051547527895,63,62
AFG,MDA,Afghanistan,Rep. of Moldova,12,Lower middle income,2573928,47.411631,28.369885,33.93911,67.709953,0.466213507137729,77,63
AFG,KWT,Afghanistan,Kuwait,17,High income,4328553,29.31166,47.481766,33.93911,67.709953,0.392740945992806,73,64
AFG,MKD,Afghanistan,North Macedonia,8,Upper middle income,2065092,41.608635,21.745275,33.93911,67.709953,0.387391941860217,88,65
AFG,ARE,Afghanistan,United Arab Emirates,35,High income,9991083,23.424076,53.847818,33.93911,67.709953,0.350312373543489,64,66
AFG,PNG,Afghanistan,Papua New Guinea,30,Lower middle income,9119005,-6.314993,143.95555,33.93911,67.709953,0.328983260783386,65,67
AFG,URY,Afghanistan,Uruguay,11,High income,3485152,-32.522779,-55.765835,33.93911,67.709953,0.315624684375316,79,68
AFG,IRQ,Afghanistan,Iraq,107,Upper middle income,41179351,33.223191,43.679291,33.93911,67.709953,0.259838966379048,53,69
AFG,PAN,Afghanistan,Panama,11,High income,4381583,8.537981,-80.782127,33.93911,67.709953,0.251050818847891,80,70
AFG,THA,Afghanistan,Thailand,173,Upper middle income,69950844,15.870032,100.992541,33.93911,67.709953,0.247316529876323,47,71
AFG,QAT,Afghanistan,Qatar,7,High income,2930524,25.354826,51.183884,33.93911,67.709953,0.238865131287101,89,72
AFG,NPL,Afghanistan,Nepal,64,Low income,29674920,28.394857,84.124008,33.93911,67.709953,0.215670337106216,60,73
AFG,KOR,Afghanistan,Rep. of Korea,105,High income,51744876,35.907757,127.766922,33.93911,67.709953,0.202918642611106,54,74
AFG,ALB,Afghanistan,Albania,5,Upper middle income,2811666,41.153332,20.168331,33.93911,67.709953,0.17783051045181,94,75
AFG,JOR,Afghanistan,Jordan,18,Upper middle income,10269022,30.585164,36.238414,33.93911,67.709953,0.175284462337309,71,76
AFG,ARM,Afghanistan,Armenia,5,Upper middle income,2968128,40.069099,45.038189,33.93911,67.709953,0.168456346896091,90,77
AFG,TKM,Afghanistan,Turkmenistan,10,Upper middle income,6117933,38.969719,59.556278,33.93911,67.709953,0.163453898563453,84,78
AFG,CUB,Afghanistan,Cuba,17,Upper middle income,11317498,21.521757,-77.781167,33.93911,67.709953,0.150209878543827,72,79
AFG,MNG,Afghanistan,Mongolia,5,Lower middle income,3329282,46.862496,103.846656,33.93911,67.709953,0.15018253184921,97,80
AFG,HKG,Afghanistan,Hong Kong,11,High income,7413100,22.396428,114.109497,33.93911,67.709953,0.148385965385601,81,81
AFG,BRA,Afghanistan,Brazil,316,Upper middle income,213993441,-14.235004,-51.92528,33.93911,67.709953,0.147668077359436,42,82
AFG,EGY,Afghanistan,Egypt,92,Lower middle income,104258327,26.820553,30.802498,33.93911,67.709953,0.0882423520952911,56,83
AFG,DOM,Afghanistan,Dominican Rep.,8,Upper middle income,10953714,18.735693,-70.162651,33.93911,67.709953,0.0730345889987633,86,84
AFG,LBY,Afghanistan,Libya,5,Upper middle income,6958538,26.3351,17.228331,33.93911,67.709953,0.0718541739658532,93,85
AFG,MDG,Afghanistan,Madagascar,20,Low income,28427333,-18.766947,46.869107,33.93911,67.709953,0.0703548236480714,70,86
AFG,JPN,Afghanistan,Japan,84,High income,125681593,36.204824,138.252924,33.93911,67.709953,0.0668355627860319,57,87
AFG,MAR,Afghanistan,Morocco,17,Lower middle income,37344787,31.791702,-7.09262,33.93911,67.709953,0.0455217484571541,75,88
AFG,ZAF,Afghanistan,South Africa,25,Upper middle income,60041996,-30.559482,22.937506,33.93911,67.709953,0.0416375231762782,67,89
AFG,VEN,Afghanistan,Venezuela,10,Upper middle income,28704947,6.42375,-66.58973,33.93911,67.709953,0.0348372007096895,83,90
AFG,KEN,Afghanistan,Kenya,17,Lower middle income,54985702,-0.023559,37.906193,33.93911,67.709953,0.0309171282381736,74,91
AFG,ARG,Afghanistan,Argentina,12,Upper middle income,45808747,-38.416097,-63.616672,33.93911,67.709953,0.0261958704087671,78,92
AFG,COL,Afghanistan,Colombia,9,Upper middle income,51265841,4.570868,-74.297333,33.93911,67.709953,0.0175555493179172,85,93
AFG,PER,Afghanistan,Peru,5,Upper middle income,33359416,-9.189967,-75.015152,33.93911,67.709953,0.0149882719769435,99,94
AFG,PHL,Afghanistan,Philippines,14,Lower middle income,111046910,12.879721,121.774017,33.93911,67.709953,0.0126072846151235,76,95
AFG,MEX,Afghanistan,Mexico,11,Upper middle income,130262220,23.634501,-102.552784,33.93911,67.709953,0.00844450524488221,82,96
AFG,CHN,Afghanistan,China,52,Upper middle income,1412360000,35.86166,104.195397,33.93911,67.709953,0.00368178084907531,61,97
AFG,BGD,Afghanistan,Bangladesh,5,Lower middle income,166303494,23.684994,90.356331,33.93911,67.709953,0.00300655138370093,91,98
AFG,NGA,Afghanistan,Nigeria,5,Lower middle income,211400704,9.081999,8.675277,33.93911,67.709953,0.00236517660792653,92,99
AFG,AFG,Afghanistan,Afghanistan,0,Low income,39835428,33.93911,67.709953,33.93911,67.709953,0,100,100
SYR,LBN,Syria,Lebanon,840929,Upper middle income,6769151,33.854721,35.862285,34.802075,38.996815,12422.961166031,2,1
SYR,JOR,Syria,Jordan,672952,Upper middle income,10269022,30.585164,36.238414,34.802075,38.996815,6553.22386104539,4,2
SYR,TUR,Syria,Turkey,3737369,Upper middle income,85042736,38.963745,35.243322,34.802075,38.996815,4394.69515656223,1,3
SYR,CYP,Syria,Cyprus,16280,High income,1215588,35.126413,33.429859,34.802075,38.996815,1339.26955514533,18,4
SYR,SWE,Syria,Sweden,116743,High income,10415811,60.128161,18.643501,34.802075,38.996815,1120.82486903804,7,5
SYR,AUT,Syria,Austria,72966,High income,8956279,47.516231,14.550072,34.802075,38.996815,814.691011747178,8,6
SYR,DEU,Syria,Germany,675490,High income,83129285,51.165691,10.451526,34.802075,38.996815,812.577661410176,3,7
SYR,IRQ,Syria,Iraq,254561,Upper middle income,41179351,33.223191,43.679291,34.802075,38.996815,618.176328228194,5,8
SYR,MLT,Syria,Malta,2330,High income,516869,35.937496,14.375416,34.802075,38.996815,450.791206282443,36,9
SYR,LUX,Syria,Luxembourg,2824,High income,639070,49.815273,6.129583,34.802075,38.996815,441.892124493404,32,10
SYR,GRC,Syria,Greece,43305,High income,10664568,39.074208,21.824312,34.802075,38.996815,406.064268144758,10,11
SYR,DNK,Syria,Denmark,19928,High income,5856733,56.26392,9.501785,34.802075,38.996815,340.257956099416,15,12
SYR,BGR,Syria,Bulgaria,22435,Upper middle income,6899125,42.733883,25.48583,34.802075,38.996815,325.186164912217,12,13
SYR,NOR,Syria,Norway,16180,High income,5408320,60.472024,8.468946,34.802075,38.996815,299.168688243299,19,14
SYR,NLD,Syria,Netherlands,45750,High income,17533405,52.132633,5.291266,34.802075,38.996815,260.930492394375,9,15
SYR,CHE,Syria,Switzerland,20401,High income,8697723,46.818188,8.227512,34.802075,38.996815,234.555641746696,14,16
SYR,LBY,Syria,Libya,13124,Upper middle income,6958538,26.3351,17.228331,34.802075,38.996815,188.602835825571,20,17
SYR,BEL,Syria,Belgium,21168,High income,11587882,50.503887,4.469936,34.802075,38.996815,182.673589530856,13,18
SYR,ARM,Syria,Armenia,5343,Upper middle income,2968128,40.069099,45.038189,34.802075,38.996815,180.012452293163,26,19
SYR,EGY,Syria,Egypt,136727,Lower middle income,104258327,26.820553,30.802498,34.802075,38.996815,131.142522553618,6,20
SYR,LIE,Syria,Liechtenstein,32,High income,38254,47.166,9.555373,34.802075,38.996815,83.6513828619229,93,21
SYR,ARE,Syria,United Arab Emirates,6965,High income,9991083,23.424076,53.847818,34.802075,38.996815,69.7121623351543,24,22
SYR,FRA,Syria,France,38744,High income,67499343,46.227638,2.213749,34.802075,38.996815,57.39907720287,11,23
SYR,IRL,Syria,Ireland,2885,High income,5028230,53.41291,-8.24389,34.802075,38.996815,57.3760547946295,31,24
SYR,ISL,Syria,Iceland,211,High income,372295,64.963051,-19.020835,34.802075,38.996815,56.6754858378436,60,25
SYR,FIN,Syria,Finland,2726,High income,5541696,61.92411,25.748151,34.802075,38.996815,49.1907170656781,33,26
SYR,NRU,Syria,Nauru,5,Upper middle income,10873,-0.522778,166.931503,34.802075,38.996815,45.9854685919249,112,27
SYR,ESP,Syria,Spain,16592,High income,47326687,40.463667,-3.74922,34.802075,38.996815,35.0584438754397,17,28
SYR,SAU,Syria,Saudi Arabia,10070,High income,35340680,23.885942,45.079162,34.802075,38.996815,28.4940753828166,22,29
SYR,GBR,Syria,United Kingdom,16775,High income,67326569,55.378051,-3.435973,34.802075,38.996815,24.9158693947407,16,30
SYR,TUN,Syria,Tunisia,2523,Lower middle income,11935764,33.886917,9.537499,34.802075,38.996815,21.1381525304957,34,31
SYR,LVA,Syria,Latvia,317,High income,1883162,56.879635,24.603189,34.802075,38.996815,16.8333897986472,55,32
SYR,LTU,Syria,Lithuania,468,High income,2795321,55.169438,23.881275,34.802075,38.996815,16.7422632320224,48,33
SYR,SVN,Syria,Slovenia,339,High income,2107007,46.151241,14.995463,34.802075,38.996815,16.0891729358279,54,34
SYR,DZA,Syria,Algeria,6659,Upper middle income,44616626,28.033886,1.659626,34.802075,38.996815,14.9249295542877,25,35
SYR,HRV,Syria,Croatia,560,High income,3899000,45.1,15.2,34.802075,38.996815,14.3626570915619,45,36
SYR,MAR,Syria,Morocco,5082,Lower middle income,37344787,31.791702,-7.09262,34.802075,38.996815,13.6083250387798,27,37
SYR,ROU,Syria,Romania,2437,Upper middle income,19115146,45.943161,24.96676,34.802075,38.996815,12.7490525052751,35,38
SYR,MCO,Syria,Monaco,5,High income,39520,43.750298,7.412841,34.802075,38.996815,12.6518218623482,113,39
SYR,GEO,Syria,Georgia,462,Upper middle income,3708610,42.315407,43.356892,34.802075,38.996815,12.4574975529916,49,40
SYR,MRT,Syria,Mauritania,509,Lower middle income,4775110,21.00789,-10.940835,34.802075,38.996815,10.6594403060872,47,41
SYR,MYS,Syria,Malaysia,3307,Upper middle income,32776195,4.210484,101.975766,34.802075,38.996815,10.0896397522653,29,42
SYR,YEM,Syria,Yemen,2933,Low income,30490639,15.552727,48.516388,34.802075,38.996815,9.61934579331053,30,43
SYR,HUN,Syria,Hungary,869,High income,9709886,47.162494,19.503304,34.802075,38.996815,8.94964163327973,40,44
SYR,PRT,Syria,Portugal,861,High income,10299423,39.399872,-8.224454,34.802075,38.996815,8.35969160602492,41,45
SYR,EST,Syria,Estonia,105,High income,1329254,58.595272,25.013607,34.802075,38.996815,7.89916750297535,68,46
SYR,ITA,Syria,Italy,4430,High income,59066225,41.87194,12.56738,34.802075,38.996815,7.50005608111912,28,47
SYR,TTO,Syria,Trinidad and Tobago,102,High income,1403374,10.691803,-61.222503,34.802075,38.996815,7.2681979287061,69,48
SYR,MDA,Syria,Rep. of Moldova,173,Lower middle income,2573928,47.411631,28.369885,34.802075,38.996815,6.72124472790226,62,49
SYR,SOM,Syria,Somalia,1056,Low income,16359500,5.152149,46.199616,34.802075,38.996815,6.45496500504294,38,50
SYR,KWT,Syria,Kuwait,254,High income,4328553,29.31166,47.481766,34.802075,38.996815,5.86801178130428,58,51
SYR,QAT,Syria,Qatar,139,High income,2930524,25.354826,51.183884,34.802075,38.996815,4.74317903555815,66,52
SYR,USA,Syria,United States,12299,High income,331893745,37.09024,-95.712891,34.802075,38.996815,3.70570406501635,21,53
SYR,BRA,Syria,Brazil,7889,Upper middle income,213993441,-14.235004,-51.92528,34.802075,38.996815,3.68656158952087,23,54
SYR,CZE,Syria,Czechia,358,High income,10703446,49.817492,15.472962,34.802075,38.996815,3.34471720602879,52,55
SYR,AUS,Syria,Australia,693,High income,25739256,-25.274398,133.775136,34.802075,38.996815,2.69238551417337,42,56
SYR,KOR,Syria,Rep. of Korea,1278,High income,51744876,35.907757,127.766922,34.802075,38.996815,2.46980976435232,37,57
SYR,BHR,Syria,Bahrain,41,High income,1748295,25.930414,50.637772,34.802075,38.996815,2.34514198118739,87,58
SYR,MLI,Syria,Mali,457,Low income,20855724,17.570692,-3.996166,34.802075,38.996815,2.19124495510201,50,59
SYR,URY,Syria,Uruguay,71,High income,3485152,-32.522779,-55.765835,34.802075,38.996815,2.03721387187704,76,60
SYR,DJI,Syria,Djibouti,19,Lower middle income,1002197,11.825138,42.590275,34.802075,38.996815,1.89583485083272,103,61
SYR,UKR,Syria,Ukraine,659,Lower middle income,43814581,48.379433,31.16558,34.802075,38.996815,1.50406550732506,44,62
SYR,NZL,Syria,New Zealand,72,High income,5122600,-40.900557,174.885971,34.802075,38.996815,1.40553625112248,75,63
SYR,PRY,Syria,Paraguay,101,Upper middle income,7219641,-23.442503,-58.443832,34.802075,38.996815,1.3989615273114,70,64
SYR,KGZ,Syria,Kyrgyzstan,81,Lower middle income,6694200,41.20438,74.766098,34.802075,38.996815,1.21000268889486,72,65
SYR,ARG,Syria,Argentina,531,Upper middle income,45808747,-38.416097,-63.616672,34.802075,38.996815,1.15916726558795,46,66
SYR,BIH,Syria,Bosnia and Herzegovina,33,Upper middle income,3263459,43.915886,17.679076,34.802075,38.996815,1.01119701519155,92,67
SYR,GHA,Syria,Ghana,299,Lower middle income,31732128,7.946527,-1.023194,34.802075,38.996815,0.942262680901829,57,68
SYR,CAN,Syria,Canada,354,High income,38246108,56.130366,-106.346771,34.802075,38.996815,0.925584375801062,53,69
SYR,ECU,Syria,Ecuador,157,Upper middle income,17888474,-1.831239,-78.183406,34.802075,38.996815,0.877660106725705,64,70
SYR,LBR,Syria,Liberia,45,Low income,5180208,6.428055,-9.429499,34.802075,38.996815,0.868690986925621,83,71
SYR,POL,Syria,Poland,316,High income,37781024,51.919438,19.145136,34.802075,38.996815,0.836398716985543,56,72
SYR,MKD,Syria,North Macedonia,17,Upper middle income,2065092,41.608635,21.745275,34.802075,38.996815,0.823207876452962,106,73
SYR,BLR,Syria,Belarus,76,Upper middle income,9340314,53.709807,27.953389,34.802075,38.996815,0.813677141903366,73,74
SYR,SRB,Syria,Serbia,54,Upper middle income,6844078,44.016521,21.005859,34.802075,38.996815,0.78900328137698,81,75
SYR,CHL,Syria,Chile,145,High income,19212362,-35.675147,-71.542969,34.802075,38.996815,0.75472240217002,65,76
SYR,ALB,Syria,Albania,21,Upper middle income,2811666,41.153332,20.168331,34.802075,38.996815,0.746888143897604,102,77
SYR,OMN,Syria,Oman,35,High income,5223376,21.512583,55.923255,34.802075,38.996815,0.670064724423438,89,78
SYR,CRI,Syria,Costa Rica,30,Upper middle income,5139053,9.748917,-83.753428,34.802075,38.996815,0.583765141165113,94,79
SYR,CIV,Syria,Ivory Coast,157,Lower middle income,27053629,7.539989,-5.54708,34.802075,38.996815,0.580328798032974,63,80
SYR,ETH,Syria,Ethiopia,667,Low income,117876226,9.145,40.489673,34.802075,38.996815,0.565847773239703,43,81
SYR,SVK,Syria,Slovakia,25,High income,5447247,48.669026,19.699024,34.802075,38.996815,0.458947427939288,98,82
SYR,NGA,Syria,Nigeria,904,Lower middle income,211400704,9.081999,8.675277,34.802075,38.996815,0.427623930713116,39,83
SYR,CUB,Syria,Cuba,45,Upper middle income,11317498,21.521757,-77.781167,34.802075,38.996815,0.397614384380717,84,84
SYR,TCD,Syria,Chad,67,Low income,16914985,15.454166,18.732207,34.802075,38.996815,0.396098489002503,78,85
SYR,BEN,Syria,Benin,44,Low income,12451031,9.30769,2.315834,34.802075,38.996815,0.353384390417147,86,86
SYR,AZE,Syria,Azerbaijan,33,Upper middle income,10145212,40.143105,47.576927,34.802075,38.996815,0.325276593530032,90,87
SYR,COG,Syria,Congo,18,Lower middle income,5657017,-0.228021,15.827659,34.802075,38.996815,0.318188897081271,105,88
SYR,THA,Syria,Thailand,220,Upper middle income,69950844,15.870032,100.992541,34.802075,38.996815,0.314506569784919,59,89
SYR,TGO,Syria,Togo,26,Low income,8478242,8.619543,0.824782,34.802075,38.996815,0.3066673491981,95,90
SYR,RUS,Syria,Russian Federation,359,Upper middle income,143446060,61.52401,105.318756,34.802075,38.996815,0.25026828900006,51,91
SYR,ZMB,Syria,Zambia,41,Lower middle income,18920657,-13.133897,27.849332,34.802075,38.996815,0.216694378001779,88,92
SYR,BOL,Syria,Bolivia,22,Lower middle income,11832936,-16.290154,-63.588653,34.802075,38.996815,0.185921735738282,101,93
SYR,PER,Syria,Peru,58,Upper middle income,33359416,-9.189967,-75.015152,34.802075,38.996815,0.173863954932544,80,94
SYR,PHL,Syria,Philippines,174,Lower middle income,111046910,12.879721,121.774017,34.802075,38.996815,0.156690537359392,61,95
SYR,KAZ,Syria,Kazakhstan,25,Upper middle income,19002586,48.019573,66.923684,34.802075,38.996815,0.131561041218285,97,96
SYR,VEN,Syria,Venezuela,33,Upper middle income,28704947,6.42375,-66.58973,34.802075,38.996815,0.114962762341975,91,97
SYR,GIN,Syria,Guinea,14,Low income,13497237,9.945587,-9.696645,34.802075,38.996815,0.103724932739938,109,98
SYR,ZAF,Syria,South Africa,58,Upper middle income,60041996,-30.559482,22.937506,34.802075,38.996815,0.0965990537689653,79,99
SYR,SEN,Syria,Senegal,14,Lower middle income,17196308,14.497401,-14.452362,34.802075,38.996815,0.0814128241945887,108,100
SYR,SLV,Syria,El Salvador,5,Lower middle income,6518500,13.794185,-88.89653,34.802075,38.996815,0.076704763365805,116,101
SYR,JPN,Syria,Japan,93,High income,125681593,36.204824,138.252924,34.802075,38.996815,0.0739965159416781,71,102
SYR,UGA,Syria,Uganda,26,Low income,47123533,1.373333,32.290275,34.802075,38.996815,0.0551741313623493,96,103
SYR,CMR,Syria,Cameroon,15,Lower middle income,27224262,7.369722,12.354722,34.802075,38.996815,0.0550979122960248,107,104
SYR,MEX,Syria,Mexico,69,Upper middle income,130262220,23.634501,-102.552784,34.802075,38.996815,0.0529700783542611,77,105
SYR,TZA,Syria,United Rep. of Tanzania,24,Low income,61498438,-6.369028,34.888822,34.802075,38.996815,0.0390253814251347,100,106
SYR,COL,Syria,Colombia,18,Upper middle income,51265841,4.570868,-74.297333,34.802075,38.996815,0.0351110986358343,104,107
SYR,PAK,Syria,Pakistan,73,Lower middle income,225199929,30.375321,69.345116,34.802075,38.996815,0.0324156407704729,74,108
SYR,COD,Syria,Dem. Rep. of the Congo,24,Low income,92377986,-4.038333,21.758664,34.802075,38.996815,0.0259802156760594,99,109
SYR,BFA,Syria,Burkina Faso,5,Low income,21497097,12.238333,-1.561593,34.802075,38.996815,0.0232589544532455,111,110
SYR,NER,Syria,Niger,5,Low income,25130810,17.607789,8.081666,34.802075,38.996815,0.0198958967100543,115,111
SYR,KEN,Syria,Kenya,10,Lower middle income,54985702,-0.023559,37.906193,34.802075,38.996815,0.0181865460224551,110,112
SYR,MDG,Syria,Madagascar,5,Low income,28427333,-18.766947,46.869107,34.802075,38.996815,0.0175887059120178,117,113
SYR,IDN,Syria,Indonesia,44,Lower middle income,276361788,-0.789275,113.921327,34.802075,38.996815,0.015921159114805,85,114
SYR,AGO,Syria,Angola,5,Lower middle income,33933611,-11.202692,17.873887,34.802075,38.996815,0.0147346534973835,114,115
SYR,IND,Syria,India,133,Lower middle income,1393409033,20.593684,78.96288,34.802075,38.996815,0.00954493596999669,67,116
SYR,CHN,Syria,China,48,Upper middle income,1412360000,35.86166,104.195397,34.802075,38.996815,0.00339856693760798,82,117
SYR,SYR,Syria,Syria,0,Low income,18275704,34.802075,38.996815,34.802075,38.996815,0,118,118
MMR,NRU,Myanmar,Nauru,71,Upper middle income,10873,-0.522778,166.931503,21.913965,95.956223,652.993654005334,19,1
MMR,BGD,Myanmar,Bangladesh,918898,Lower middle income,166303494,23.684994,90.356331,21.913965,95.956223,552.542810676004,1,2
MMR,MYS,Myanmar,Malaysia,155405,Upper middle income,32776195,4.210484,101.975766,21.913965,95.956223,474.139844481643,2,3
MMR,THA,Myanmar,Thailand,96086,Upper middle income,69950844,15.870032,100.992541,21.913965,95.956223,137.362173928881,3,4
MMR,AUS,Myanmar,Australia,1184,High income,25739256,-25.274398,133.775136,21.913965,95.956223,4.59997755956893,7,5
MMR,IND,Myanmar,India,39617,Lower middle income,1393409033,20.593684,78.96288,21.913965,95.956223,2.84317088964931,4,6
MMR,DEU,Myanmar,Germany,1362,High income,83129285,51.165691,10.451526,21.913965,95.956223,1.63841178232196,6,7
MMR,NPL,Myanmar,Nepal,478,Low income,29674920,28.394857,84.124008,21.913965,95.956223,1.61078783026205,11,8
MMR,CZE,Myanmar,Czechia,149,High income,10703446,49.817492,15.472962,21.913965,95.956223,1.39207503826338,15,9
MMR,USA,Myanmar,United States,4319,High income,331893745,37.09024,-95.712891,21.913965,95.956223,1.30132009568303,5,10
MMR,NLD,Myanmar,Netherlands,223,High income,17533405,52.132633,5.291266,21.913965,95.956223,1.27185791921193,14,11
MMR,ISR,Myanmar,Israel,104,High income,9364000,31.046051,34.851612,21.913965,95.956223,1.11063648013669,18,12
MMR,GRC,Myanmar,Greece,107,High income,10664568,39.074208,21.824312,21.913965,95.956223,1.00332240368292,17,13
MMR,KOR,Myanmar,Rep. of Korea,503,High income,51744876,35.907757,127.766922,21.913965,95.956223,0.972076926032251,10,14
MMR,GBR,Myanmar,United Kingdom,454,High income,67326569,55.378051,-3.435973,21.913965,95.956223,0.674325168716083,12,15
MMR,FIN,Myanmar,Finland,37,High income,5541696,61.92411,25.748151,21.913965,95.956223,0.667665638822483,23,16
MMR,NZL,Myanmar,New Zealand,29,High income,5122600,-40.900557,174.885971,21.913965,95.956223,0.56611876781322,28,17
MMR,FRA,Myanmar,France,367,High income,67499343,46.227638,2.213749,21.913965,95.956223,0.543708995804596,13,18
MMR,CHE,Myanmar,Switzerland,46,High income,8697723,46.818188,8.227512,21.913965,95.956223,0.528874051289056,21,19
MMR,NOR,Myanmar,Norway,27,High income,5408320,60.472024,8.468946,21.913965,95.956223,0.49923081474469,29,20
MMR,JPN,Myanmar,Japan,583,High income,125681593,36.204824,138.252924,21.913965,95.956223,0.463870632193531,9,21
MMR,AUT,Myanmar,Austria,41,High income,8956279,47.516231,14.550072,21.913965,95.956223,0.457779397001813,22,22
MMR,IRL,Myanmar,Ireland,18,High income,5028230,53.41291,-8.24389,21.913965,95.956223,0.357978851404968,31,23
MMR,SAU,Myanmar,Saudi Arabia,115,High income,35340680,23.885942,45.079162,21.913965,95.956223,0.325404038631967,16,24
MMR,DNK,Myanmar,Denmark,18,High income,5856733,56.26392,9.501785,21.913965,95.956223,0.307338579375225,30,25
MMR,IDN,Myanmar,Indonesia,682,Lower middle income,276361788,-0.789275,113.921327,21.913965,95.956223,0.246777966279477,8,26
MMR,ARM,Myanmar,Armenia,5,Upper middle income,2968128,40.069099,45.038189,21.913965,95.956223,0.168456346896091,40,27
MMR,LKA,Myanmar,Sri Lanka,35,Upper middle income,22156000,7.873054,80.771797,21.913965,95.956223,0.157970752843474,24,28
MMR,ROU,Myanmar,Romania,30,Upper middle income,19115146,45.943161,24.96676,21.913965,95.956223,0.156943609010363,27,29
MMR,BEL,Myanmar,Belgium,13,High income,11587882,50.503887,4.469936,21.913965,95.956223,0.112186161370991,35,30
MMR,SWE,Myanmar,Sweden,11,High income,10415811,60.128161,18.643501,21.913965,95.956223,0.105608675119009,36,31
MMR,KHM,Myanmar,Cambodia,15,Lower middle income,16946446,12.565679,104.990963,21.913965,95.956223,0.0885141344680767,32,32
MMR,CAN,Myanmar,Canada,31,High income,38246108,56.130366,-106.346771,21.913965,95.956223,0.0810539990108275,26,33
MMR,PNG,Myanmar,Papua New Guinea,5,Lower middle income,9119005,-6.314993,143.95555,21.913965,95.956223,0.0548305434638976,41,34
MMR,IRN,Myanmar,Iran,34,Upper middle income,85028760,32.427908,53.688046,21.913965,95.956223,0.0399864704601126,25,35
MMR,ESP,Myanmar,Spain,13,High income,47326687,40.463667,-3.74922,21.913965,95.956223,0.0274686457558291,34,36
MMR,PAK,Myanmar,Pakistan,54,Lower middle income,225199929,30.375321,69.345116,21.913965,95.956223,0.0239786931726786,20,37
MMR,ITA,Myanmar,Italy,14,High income,59066225,41.87194,12.56738,21.913965,95.956223,0.0237022088342365,33,38
MMR,UKR,Myanmar,Ukraine,6,Lower middle income,43814581,48.379433,31.16558,21.913965,95.956223,0.0136940713868746,38,39
MMR,PHL,Myanmar,Philippines,10,Lower middle income,111046910,12.879721,121.774017,21.913965,95.956223,0.00900520329651676,37,40
MMR,BRA,Myanmar,Brazil,6,Upper middle income,213993441,-14.235004,-51.92528,21.913965,95.956223,0.00280382425366019,39,41
MMR,MMR,Myanmar,Myanmar,0,Lower middle income,54806014,21.913965,95.956223,21.913965,95.956223,0,42,42
SSD,UGA,South Sudan,Uganda,958968,Low income,47123533,1.373333,32.290275,12.862807,30.217636,2035.00870785728,1,1
SSD,ETH,South Sudan,Ethiopia,386929,Low income,117876226,9.145,40.489673,12.862807,30.217636,328.25024445557,2,2
SSD,KEN,South Sudan,Kenya,135351,Lower middle income,54985702,-0.023559,37.906193,12.862807,30.217636,246.156719068532,3,3
SSD,COD,South Sudan,Dem. Rep. of the Congo,57072,Low income,92377986,-4.038333,21.758664,12.862807,30.217636,61.7809528776694,4,4
SSD,CAF,South Sudan,Central African Rep.,2332,Low income,4919987,6.611111,20.939444,12.862807,30.217636,47.3984992236768,6,5
SSD,EGY,South Sudan,Egypt,20713,Lower middle income,104258327,26.820553,30.802498,12.862807,30.217636,19.866998249454,5,6
SSD,MLT,South Sudan,Malta,85,High income,516869,35.937496,14.375416,12.862807,30.217636,16.4451727613767,15,7
SSD,LBY,South Sudan,Libya,317,Upper middle income,6958538,26.3351,17.228331,12.862807,30.217636,4.55555462943509,9,8
SSD,ISR,South Sudan,Israel,161,High income,9364000,31.046051,34.851612,12.862807,30.217636,1.719350704827,12,9
SSD,ISL,South Sudan,Iceland,5,High income,372295,64.963051,-19.020835,12.862807,30.217636,1.3430209914181,43,10
SSD,MAR,South Sudan,Morocco,439,Lower middle income,37344787,31.791702,-7.09262,12.862807,30.217636,1.17553221015827,7,11
SSD,NOR,South Sudan,Norway,50,High income,5408320,60.472024,8.468946,12.862807,30.217636,0.924501508786462,22,12
SSD,CHE,South Sudan,Switzerland,53,High income,8697723,46.818188,8.227512,12.862807,30.217636,0.609354885180869,21,13
SSD,SWE,South Sudan,Sweden,63,High income,10415811,60.128161,18.643501,12.862807,30.217636,0.604849684772506,18,14
SSD,LBN,South Sudan,Lebanon,38,Upper middle income,6769151,33.854721,35.862285,12.862807,30.217636,0.561370251601715,23,15
SSD,GRC,South Sudan,Greece,59,High income,10664568,39.074208,21.824312,12.862807,30.217636,0.553233848759743,20,16
SSD,SYR,South Sudan,Syria,74,Low income,18275704,34.802075,38.996815,12.862807,30.217636,0.404909162459624,16,17
SSD,DEU,South Sudan,Germany,321,High income,83129285,51.165691,10.451526,12.862807,30.217636,0.386145508168391,8,18
SSD,FRA,South Sudan,France,218,High income,67499343,46.227638,2.213749,12.862807,30.217636,0.322966106499733,10,19
SSD,GBR,South Sudan,United Kingdom,213,High income,67326569,55.378051,-3.435973,12.862807,30.217636,0.316368416159748,11,20
SSD,PRT,South Sudan,Portugal,30,High income,10299423,39.399872,-8.224454,12.862807,30.217636,0.2912784531716,26,21
SSD,AUS,South Sudan,Australia,62,High income,25739256,-25.274398,133.775136,12.862807,30.217636,0.240877203288238,19,22
SSD,ZWE,South Sudan,Zimbabwe,33,Lower middle income,15092171,-19.015438,29.154857,12.862807,30.217636,0.218656414640412,25,23
SSD,TUN,South Sudan,Tunisia,26,Lower middle income,11935764,33.886917,9.537499,12.862807,30.217636,0.217832725244903,27,24
SSD,BEL,South Sudan,Belgium,25,High income,11587882,50.503887,4.469936,12.862807,30.217636,0.215742618021136,28,25
SSD,BWA,South Sudan,Botswana,5,Upper middle income,2397240,-22.328474,24.684866,12.862807,30.217636,0.208573192504714,44,26
SSD,MYS,South Sudan,Malaysia,64,Upper middle income,32776195,4.210484,101.975766,12.862807,30.217636,0.195263666206526,17,27
SSD,JOR,South Sudan,Jordan,19,Upper middle income,10269022,30.585164,36.238414,12.862807,30.217636,0.185022488022715,30,28
SSD,FIN,South Sudan,Finland,8,High income,5541696,61.92411,25.748151,12.862807,30.217636,0.14436013812378,38,29
SSD,RWA,South Sudan,Rwanda,15,Low income,13276517,-1.940278,29.873888,12.862807,30.217636,0.112981439333825,32,30
SSD,IRL,South Sudan,Ireland,5,High income,5028230,53.41291,-8.24389,12.862807,30.217636,0.0994385698347132,47,31
SSD,LBR,South Sudan,Liberia,5,Low income,5180208,6.428055,-9.429499,12.862807,30.217636,0.0965212207695135,42,32
SSD,TCD,South Sudan,Chad,16,Low income,16914985,15.454166,18.732207,12.862807,30.217636,0.0945906839408962,31,33
SSD,CAN,South Sudan,Canada,33,High income,38246108,56.130366,-106.346771,12.862807,30.217636,0.0862832892695905,24,34
SSD,NER,South Sudan,Niger,19,Low income,25130810,17.607789,8.081666,12.862807,30.217636,0.0756044074982064,29,35
SSD,AUT,South Sudan,Austria,6,High income,8956279,47.516231,14.550072,12.862807,30.217636,0.0669921068783141,40,36
SSD,NLD,South Sudan,Netherlands,8,High income,17533405,52.132633,5.291266,12.862807,30.217636,0.0456271899268853,37,37
SSD,GHA,South Sudan,Ghana,12,Lower middle income,31732128,7.946527,-1.023194,12.862807,30.217636,0.0378165624442206,35,38
SSD,USA,South Sudan,United States,125,High income,331893745,37.09024,-95.712891,12.862807,30.217636,0.0376626561612362,13,39
SSD,IRQ,South Sudan,Iraq,15,Upper middle income,41179351,33.223191,43.679291,12.862807,30.217636,0.0364260233241656,34,40
SSD,ZMB,South Sudan,Zambia,5,Lower middle income,18920657,-13.133897,27.849332,12.862807,30.217636,0.0264261436587535,49,41
SSD,MWI,South Sudan,Malawi,5,Low income,19647681,-13.254308,34.301525,12.862807,30.217636,0.0254482959083059,45,42
SSD,ITA,South Sudan,Italy,15,High income,59066225,41.87194,12.56738,12.862807,30.217636,0.0253952237509677,33,43
SSD,BFA,South Sudan,Burkina Faso,5,Low income,21497097,12.238333,-1.561593,12.862807,30.217636,0.0232589544532455,46,44
SSD,ESP,South Sudan,Spain,10,High income,47326687,40.463667,-3.74922,12.862807,30.217636,0.0211297275044839,36,45
SSD,SAU,South Sudan,Saudi Arabia,7,High income,35340680,23.885942,45.079162,12.862807,30.217636,0.0198072023515111,39,46
SSD,MOZ,South Sudan,Mozambique,5,Low income,32163045,-18.665695,35.529562,12.862807,30.217636,0.0155457917619429,48,47
SSD,TZA,South Sudan,United Rep. of Tanzania,6,Low income,61498438,-6.369028,34.888822,12.862807,30.217636,0.00975634535628368,41,48
SSD,IND,South Sudan,India,105,Lower middle income,1393409033,20.593684,78.96288,12.862807,30.217636,0.00753547576578686,14,49
SSD,SSD,South Sudan,South Sudan,0,Low income,11381377,12.862807,30.217636,12.862807,30.217636,0,50,50
VEN,PER,Venezuela,Peru,535920,Upper middle income,33359416,-9.189967,-75.015152,6.42375,-66.58973,1606.50294357671,1,1
VEN,TTO,Venezuela,Trinidad and Tobago,21543,High income,1403374,10.691803,-61.222503,6.42375,-66.58973,1535.08615664819,7,2
VEN,ESP,Venezuela,Spain,107697,High income,47326687,40.463667,-3.74922,6.42375,-66.58973,227.56082630504,4,3
VEN,CRI,Venezuela,Costa Rica,8780,Upper middle income,5139053,9.748917,-83.753428,6.42375,-66.58973,170.84859798099,8,4
VEN,ISL,Venezuela,Iceland,619,High income,372295,64.963051,-19.020835,6.42375,-66.58973,166.26599873756,20,5
VEN,USA,Venezuela,United States,265480,High income,331893745,37.09024,-95.712891,6.42375,-66.58973,79.9894556614799,2,6
VEN,URY,Venezuela,Uruguay,2478,High income,3485152,-32.522779,-55.765835,6.42375,-66.58973,71.1016334438211,16,7
VEN,BRA,Venezuela,Brazil,134669,Upper middle income,213993441,-14.235004,-51.92528,6.42375,-66.58973,62.9313680693606,3,8
VEN,COL,Venezuela,Colombia,30082,Upper middle income,51265841,4.570868,-74.297333,6.42375,-66.58973,58.6784482868427,5,9
VEN,SUR,Venezuela,Suriname,343,Upper middle income,591798,3.919305,-56.027783,6.42375,-66.58973,57.9589657281708,22,10
VEN,PAN,Venezuela,Panama,2514,High income,4381583,8.537981,-80.782127,6.42375,-66.58973,57.3765235075999,15,11
VEN,PRY,Venezuela,Paraguay,3852,Upper middle income,7219641,-23.442503,-58.443832,6.42375,-66.58973,53.3544534970645,13,12
VEN,ECU,Venezuela,Ecuador,5053,Upper middle income,17888474,-1.831239,-78.183406,6.42375,-66.58973,28.2472389763375,10,13
VEN,CHL,Venezuela,Chile,4736,High income,19212362,-35.675147,-71.542969,6.42375,-66.58973,24.650795149498,12,14
VEN,MEX,Venezuela,Mexico,25797,Upper middle income,130262220,23.634501,-102.552784,6.42375,-66.58973,19.8039001638388,6,15
VEN,LUX,Venezuela,Luxembourg,108,High income,639070,49.815273,6.129583,6.42375,-66.58973,16.8995571690112,29,16
VEN,MLT,Venezuela,Malta,82,High income,516869,35.937496,14.375416,6.42375,-66.58973,15.8647548992104,33,17
VEN,ARG,Venezuela,Argentina,5895,Upper middle income,45808747,-38.416097,-63.616672,6.42375,-66.58973,12.8687213383069,9,18
VEN,CAN,Venezuela,Canada,4856,High income,38246108,56.130366,-106.346771,6.42375,-66.58973,12.6967167482767,11,19
VEN,BEL,Venezuela,Belgium,729,High income,11587882,50.503887,4.469936,6.42375,-66.58973,6.29105474149633,19,20
VEN,ITA,Venezuela,Italy,3297,High income,59066225,41.87194,12.56738,6.42375,-66.58973,5.58187018046269,14,21
VEN,IRL,Venezuela,Ireland,201,High income,5028230,53.41291,-8.24389,6.42375,-66.58973,3.99743050735547,25,22
VEN,DOM,Venezuela,Dominican Rep.,278,Upper middle income,10953714,18.735693,-70.162651,6.42375,-66.58973,2.53795196770703,23,23
VEN,FRA,Venezuela,France,1657,High income,67499343,46.227638,2.213749,6.42375,-66.58973,2.45483870857825,18,24
VEN,DEU,Venezuela,Germany,1841,High income,83129285,51.165691,10.451526,6.42375,-66.58973,2.21462268080376,17,25
VEN,BOL,Venezuela,Bolivia,243,Lower middle income,11832936,-16.290154,-63.588653,6.42375,-66.58973,2.0535900811092,24,26
VEN,AUS,Venezuela,Australia,479,High income,25739256,-25.274398,133.775136,6.42375,-66.58973,1.86097065121074,21,27
VEN,BRB,Venezuela,Barbados,5,High income,287708,13.193887,-59.543198,6.42375,-66.58973,1.73787312135916,53,28
VEN,AUT,Venezuela,Austria,115,High income,8956279,47.516231,14.550072,6.42375,-66.58973,1.28401538183435,28,29
VEN,CHE,Venezuela,Switzerland,98,High income,8697723,46.818188,8.227512,6.42375,-66.58973,1.12673167448538,31,30
VEN,NLD,Venezuela,Netherlands,174,High income,17533405,52.132633,5.291266,6.42375,-66.58973,0.992391380909755,26,31
VEN,GTM,Venezuela,Guatemala,162,Upper middle income,17109746,15.783471,-90.230759,6.42375,-66.58973,0.946828784015847,27,32
VEN,MNE,Venezuela,Montenegro,5,Upper middle income,620173,42.708678,19.37439,6.42375,-66.58973,0.806226649660659,44,33
VEN,SWE,Venezuela,Sweden,82,High income,10415811,60.128161,18.643501,6.42375,-66.58973,0.787264669068976,32,34
VEN,NOR,Venezuela,Norway,41,High income,5408320,60.472024,8.468946,6.42375,-66.58973,0.758091237204899,35,35
VEN,PRT,Venezuela,Portugal,76,High income,10299423,39.399872,-8.224454,6.42375,-66.58973,0.737905414701387,34,36
VEN,SLV,Venezuela,El Salvador,25,Lower middle income,6518500,13.794185,-88.89653,6.42375,-66.58973,0.383523816829025,37,37
VEN,HND,Venezuela,Honduras,25,Lower middle income,10062994,15.199999,-86.241905,6.42375,-66.58973,0.248435008507408,36,38
VEN,FIN,Venezuela,Finland,13,High income,5541696,61.92411,25.748151,6.42375,-66.58973,0.234585224451143,41,39
VEN,GRC,Venezuela,Greece,19,High income,10664568,39.074208,21.824312,6.42375,-66.58973,0.178160052990426,38,40
VEN,ALB,Venezuela,Albania,5,Upper middle income,2811666,41.153332,20.168331,6.42375,-66.58973,0.17783051045181,45,41
VEN,GBR,Venezuela,United Kingdom,98,High income,67326569,55.378051,-3.435973,6.42375,-66.58973,0.145559177388053,30,42
VEN,CZE,Venezuela,Czechia,15,High income,10703446,49.817492,15.472962,6.42375,-66.58973,0.140141782375508,40,43
VEN,NZL,Venezuela,New Zealand,5,High income,5122600,-40.900557,174.885971,6.42375,-66.58973,0.0976066841057276,51,44
VEN,DNK,Venezuela,Denmark,5,High income,5856733,56.26392,9.501785,6.42375,-66.58973,0.0853718276042292,47,45
VEN,KGZ,Venezuela,Kyrgyzstan,5,Lower middle income,6694200,41.20438,74.766098,6.42375,-66.58973,0.0746915240058558,49,46
VEN,LBN,Venezuela,Lebanon,5,Upper middle income,6769151,33.854721,35.862285,6.42375,-66.58973,0.0738645067896993,46,47
VEN,BGR,Venezuela,Bulgaria,5,Upper middle income,6899125,42.733883,25.48583,6.42375,-66.58973,0.0724729585273495,52,48
VEN,ISR,Venezuela,Israel,5,High income,9364000,31.046051,34.851612,6.42375,-66.58973,0.0533959846219564,48,49
VEN,JOR,Venezuela,Jordan,5,Upper middle income,10269022,30.585164,36.238414,6.42375,-66.58973,0.0486901284270303,54,50
VEN,POL,Venezuela,Poland,17,High income,37781024,51.919438,19.145136,6.42375,-66.58973,0.0449961335087159,39,51
VEN,KOR,Venezuela,Rep. of Korea,12,High income,51744876,35.907757,127.766922,6.42375,-66.58973,0.0231907020126978,42,52
VEN,IDN,Venezuela,Indonesia,5,Lower middle income,276361788,-0.789275,113.921327,6.42375,-66.58973,0.00180922262668238,50,53
VEN,IND,Venezuela,India,11,Lower middle income,1393409033,20.593684,78.96288,6.42375,-66.58973,0.000789430794511004,43,54
VEN,ABW,Venezuela,Aruba,0,High income,107195,12.52111,-69.968338,6.42375,-66.58973,0,55,55
VEN,GRD,Venezuela,Grenada,0,Upper middle income,113015,12.262776,-61.604171,6.42375,-66.58973,0,56,56
VEN,GUY,Venezuela,Guyana,0,Upper middle income,790329,4.860416,-58.93018,6.42375,-66.58973,0,57,57
VEN,KNA,Venezuela,Saint Kitts and Nevis,0,High income,53546,17.357822,-62.782998,6.42375,-66.58973,0,58,58
VEN,VCT,Venezuela,Saint Vincent and the Grenadines,0,Upper middle income,111269,12.984305,-61.287228,6.42375,-66.58973,0,59,59
VEN,JAM,Venezuela,Jamaica,0,Upper middle income,2973462,18.109581,-77.297508,6.42375,-66.58973,0,60,60
VEN,CYM,Venezuela,Cayman Islands,0,High income,66498,19.513469,-80.566956,6.42375,-66.58973,0,61,61
