Year,Country of asylum,Complementary protection,Rejected decisions,Total decisions,Percentage of Rejections,Percentage of Complementary Protection,Accepted Rank,Rejected Rank
2012,South Africa,0,96884,104907,92.3522739188043,0,51,1
2012,Ecuador,0,15395,16935,90.9064068497195,0,34,2
2012,France,2555,69994,79933,87.5658363879749,3.19642700761888,20,3
2012,Japan,113,2872,3300,87.030303030303,3.42424242424242,19,4
2012,Romania,119,2082,2530,82.2924901185771,4.70355731225296,16,5
2012,Spain,295,2088,2636,79.2109256449165,11.1911987860395,10,6
2012,Belgium,1567,27719,35770,77.4923119932905,4.38076600503215,17,7
2012,Cyprus,45,2544,3287,77.3958016428354,1.36902951019166,23,8
2012,Ireland,21,1686,2192,76.9160583941606,0.958029197080292,25,9
2012,Russian Federation,0,1699,2434,69.8027937551356,0,48,10
2012,Luxembourg,0,1959,2889,67.8089304257529,0,42,11
2012,Montenegro,0,978,1443,67.7754677754678,0,45,12
2012,Italy,6607,13870,22421,61.861647562553,29.4679095490834,4,13
2012,Denmark,714,2922,4887,59.7912829957029,14.610190300798,7,14
2012,Netherlands,5204,8552,14452,59.1752006642679,36.0088569056186,3,15
2012,Austria,2047,10737,18325,58.5920873124147,11.1705320600273,11,16
2012,United Kingdom of Great Britain and Northern Ireland,1307,18781,32647,57.5274910405244,4.00343063681196,18,17
2012,Norway,1472,11004,19147,57.4711443045908,7.68788844205358,13,18
2012,Sweden,9059,28120,49133,57.232409989213,18.4377098894836,6,19
2012,Thailand,0,1009,1862,54.1890440386681,0,54,20
2012,Venezuela (Bolivarian Republic of),0,9856,18444,53.4374322272826,0,57,21
2012,Australia,0,9405,18492,50.8598312783907,0,29,22
2012,Germany,8364,30666,61780,49.6374231142765,13.538361929427,8,23
2012,Canada,0,14390,29420,48.9123045547247,0,32,24
2012,Syrian Arab Rep.,15,733,1617,45.3308596165739,0.927643784786642,26,25
2012,Greece,406,12200,27638,44.14212316376,1.46899196758087,22,26
2012,Ukraine,128,776,1807,42.9441062534588,7.08356391809629,14,27
2012,Lebanon,16,635,1917,33.1246739697444,0.834637454355764,27,28
2012,Finland,781,1116,3481,32.0597529445562,22.4360815857512,5,29
2012,Zimbabwe,0,343,1091,31.4390467461045,0,59,30
2012,India,0,805,3335,24.1379310344828,0,38,31
2012,Poland,209,2816,12116,23.2419940574447,1.72499174645097,21,32
2012,Jordan,0,887,4515,19.6456256921373,0,41,33
2012,Kenya,37,2549,14566,17.499656734862,0.254016202114513,28,34
2012,Croatia,12,187,1092,17.1245421245421,1.0989010989011,24,35
2012,Hungary,288,373,2197,16.9776968593537,13.1087847064178,9,36
2012,Pakistan,0,374,2268,16.4902998236332,0,46,37
2012,Cameroon,0,562,3693,15.2179799620904,0,31,38
2012,Malawi,0,563,3798,14.8235913638757,0,43,39
2012,Uganda,0,1260,9814,12.8388017118402,0,55,40
2012,United States of America,0,10262,82520,12.435773145904,0,56,41
2012,Malta,172,192,1709,11.234640140433,10.0643651258046,12,42
2012,Switzerland,1575,3372,32534,10.3645417102109,4.84108932194012,15,43
2012,Nepal,1184,154,1769,8.70548332391181,66.9304691916337,2,44
2012,Malaysia,0,1339,19438,6.88856878279658,0,44,45
2012,Yemen,0,156,2786,5.59942569992821,0,58,46
2012,Rwanda,0,795,15903,4.99905678173929,0,49,47
2012,Türkiye,0,608,14441,4.21023474828613,0,53,48
2012,Egypt,0,325,8304,3.91377649325626,0,35,49
2012,Serbia and Kosovo: S/RES/1244 (1999),0,83,2834,2.9287226534933,0,50,50
2012,Dominican Rep.,0,28,1027,2.72638753651412,0,33,51
2012,Indonesia,0,79,4335,1.82237600922722,0,39,52
2012,Israel,0,46,2607,1.7644802454929,0,40,53
2012,Panama,0,20,1172,1.70648464163823,0,47,54
2012,Togo,5788,87,6046,1.43896791266953,95.7327158451869,1,55
2012,Sudan,0,131,14346,0.913146521678517,0,52,56
2012,Ethiopia,0,14,1718,0.814901047729918,0,36,57
2012,Burundi,0,65,12225,0.531697341513293,0,30,58
2012,Ghana,0,47,10132,0.463876825898144,0,37,59
2013,South Africa,0,63540,72461,87.6885497025986,0,51,1
2013,Japan,150,3288,3793,86.6860005272871,3.9546533087266,18,2
2013,Costa Rica,0,1117,1333,83.7959489872468,0,37,3
2013,France,2258,71131,85072,83.6127045326312,2.65422230581155,22,4
2013,Venezuela (Bolivarian Republic of),0,2613,3338,78.2804074295986,0,58,5
2013,Ecuador,0,8144,10786,75.5052846282218,0,39,6
2013,Ireland,25,1631,2267,71.9453021614468,1.10277900308778,26,7
2013,Spain,337,1339,1889,70.8840656431975,17.8401270513499,9,8
2013,Algeria,0,1744,2462,70.8367181153534,0,30,9
2013,Greece,822,15563,22902,67.9547637760894,3.58920618286613,19,10
2013,Belgium,2404,20232,31093,65.069308204419,7.73164377834239,17,11
2013,Rep. of Korea,5,633,1072,59.0485074626866,0.466417910447761,27,12
2013,Luxembourg,25,860,1496,57.4866310160428,1.67112299465241,23,13
2013,Austria,1816,10374,18477,56.1454781620393,9.82843535205932,12,14
2013,United Kingdom of Great Britain and Northern Ireland,1009,18487,33472,55.2312380497132,3.01445984703633,20,15
2013,Ukraine,130,713,1334,53.448275862069,9.74512743628186,13,16
2013,Norway,1954,12601,23596,53.4031191727411,8.28106458721817,15,17
2013,Australia,0,5899,11057,53.350818486027,0,33,18
2013,Denmark,1408,3407,6675,51.0411985018727,21.0936329588015,8,19
2013,Canada,0,9898,20629,47.9809976247031,0,36,20
2013,Russian Federation,1650,1956,4312,45.3617810760668,38.265306122449,4,21
2013,Cyprus,208,1216,2685,45.2886405959032,7.74674115456238,16,22
2013,Sweden,19142,24620,58783,41.8828572886719,32.563836483337,6,23
2013,Syrian Arab Rep.,0,650,1633,39.8040416411513,0,53,24
2013,Italy,11307,9151,23543,38.8693029775305,48.0270143991845,3,25
2013,Netherlands,8921,6875,17869,38.4744529632324,49.9244501650904,2,26
2013,Germany,9207,31110,80918,38.4463283818186,11.3781853234138,11,27
2013,Morocco,0,718,1887,38.0498145204028,0,48,28
2013,Brazil,0,570,1516,37.598944591029,0,34,29
2013,Romania,543,570,1636,34.841075794621,33.1907090464548,5,30
2013,Hungary,182,4171,15834,26.3420487558419,1.14942528735632,25,31
2013,Lebanon,0,684,2856,23.9495798319328,0,45,32
2013,Finland,1256,950,4049,23.4625833539145,31.0200049394912,7,33
2013,Switzerland,4014,7125,30992,22.9898038203407,12.9517294785751,10,34
2013,Kenya,0,2562,11221,22.8321896444167,0,44,35
2013,Pakistan,0,653,3079,21.2081844754791,0,49,36
2013,Argentina,0,329,1593,20.6528562460766,0,32,37
2013,Malta,248,475,2594,18.3114880493446,9.56052428681573,14,38
2013,Croatia,15,225,1286,17.4961119751166,1.16640746500778,24,39
2013,Zambia,0,262,1585,16.5299684542587,0,60,40
2013,Poland,551,3021,20030,15.082376435347,2.7508736894658,21,41
2013,United States of America,0,9611,65478,14.6782125293992,0,57,42
2013,Dem. Rep. of the Congo,0,194,1655,11.7220543806647,0,38,43
2013,Montenegro,0,391,3461,11.2973129153424,0,47,44
2013,India,0,603,5859,10.2918586789555,0,41,45
2013,Yemen,0,465,4538,10.2468047598061,0,59,46
2013,Uganda,0,2204,22648,9.73154362416107,0,56,47
2013,Jordan,0,452,5200,8.69230769230769,0,43,48
2013,Türkiye,0,1515,17931,8.4490547097206,0,54,49
2013,Bulgaria,2278,350,4314,8.1131200741771,52.8048215113584,1,50
2013,Malaysia,0,1650,22902,7.20461095100865,0,46,51
2013,Egypt,0,323,4525,7.13812154696133,0,40,52
2013,Sudan,0,467,8099,5.76614396839116,0,52,53
2013,Somalia,0,83,1470,5.64625850340136,0,50,54
2013,Indonesia,0,376,7578,4.96173132752705,0,42,55
2013,Thailand,0,74,1876,3.94456289978678,0,55,56
2013,Serbia and Kosovo: S/RES/1244 (1999),10,20,5054,0.395726157499011,0.197863078749505,28,57
2013,Angola,0,5,1495,0.334448160535117,0,31,58
2013,Burundi,0,10,10290,0.0971817298347911,0,35,59
2013,Rwanda,5,0,14269,0,0.0350409979676221,29,60
2014,Central African Rep.,0,2242,2242,100,0,34,1
2014,South Africa,0,90989,103332,88.0550071613827,0,49,2
2014,Japan,97,3982,4698,84.759472115794,2.06470838654747,22,3
2014,Australia,0,10602,13345,79.4454852004496,0,29,4
2014,Venezuela (Bolivarian Republic of),0,2402,3126,76.8394113883557,0,57,5
2014,France,4410,84862,116128,73.0762606778727,3.79753375585561,19,6
2014,Luxembourg,25,1717,2396,71.661101836394,1.04340567612688,24,7
2014,Algeria,0,946,1467,64.4853442399455,0,27,8
2014,Pakistan,0,4074,6449,63.1725848968832,0,47,9
2014,Costa Rica,0,994,1692,58.7470449172577,0,35,10
2014,Spain,1198,2013,3580,56.2290502793296,33.463687150838,6,11
2014,Norway,1241,9830,17941,54.7907028593724,6.9171172175464,15,12
2014,United Kingdom of Great Britain and Northern Ireland,1053,18780,34660,54.1834968263127,3.03808424697057,20,13
2014,Rep. of Korea,527,1173,2182,53.7580201649863,24.1521539871677,9,14
2014,Romania,357,898,1724,52.0881670533643,20.707656612529,11,15
2014,Canada,0,9268,21583,42.9412037251541,0,33,16
2014,Italy,16948,14554,35179,41.371272634242,48.1764689161147,5,17
2014,Belgium,1588,12774,31006,41.1984777139908,5.12158936979939,17,18
2014,Greece,1739,16301,41000,39.7585365853659,4.24146341463415,18,19
2014,Syrian Arab Rep.,0,839,2127,39.4452280206864,0,52,20
2014,Ukraine,218,498,1271,39.1817466561762,17.1518489378442,13,21
2014,Denmark,1746,3480,9122,38.1495286121465,19.1405393554045,12,22
2014,Switzerland,7912,10095,26696,37.8146538807312,29.6373988612526,8,23
2014,Ireland,0,1317,3634,36.2410566868464,0,39,24
2014,Zambia,0,468,1292,36.2229102167183,0,59,25
2014,Poland,175,3286,9372,35.0618864703372,1.86726419120785,23,26
2014,Netherlands,10489,6975,20219,34.4972550571245,51.8769474256887,3,27
2014,Germany,7229,42967,128877,33.3395408024706,5.60922429913794,16,28
2014,Sweden,21626,22395,68507,32.6900900637891,31.5675770359233,7,29
2014,Finland,842,1084,3668,29.5528898582334,22.9552889858233,10,30
2014,Morocco,0,826,3019,27.3600529976814,0,46,31
2014,Mauritania,0,276,1035,26.6666666666667,0,44,32
2014,Cyprus,1141,523,2135,24.4964871194379,53.4426229508197,2,33
2014,Zimbabwe,0,307,1283,23.9282930631333,0,60,34
2014,United States of America,1692,14828,71846,20.6385880911951,2.35503716282048,21,35
2014,Malta,1244,475,2444,19.4353518821604,50.9001636661211,4,36
2014,Hungary,229,4779,29606,16.1419982435993,0.773491859758157,25,37
2014,Sri Lanka,0,201,1267,15.8642462509866,0,50,38
2014,Thailand,0,434,2818,15.4009936124911,0,55,39
2014,Yemen,0,515,3462,14.8757943385326,0,58,40
2014,Egypt,0,1249,8474,14.7392022657541,0,36,41
2014,Tajikistan,0,401,2757,14.5447950671019,0,54,42
2014,India,0,860,6004,14.3237841439041,0,37,43
2014,Somalia,0,172,1210,14.2148760330579,0,48,44
2014,Burundi,0,1505,10634,14.15271769795,0,31,45
2014,Cameroon,0,872,6476,13.4651019147622,0,32,46
2014,Malaysia,0,2073,18394,11.2699793410895,0,43,47
2014,Uganda,0,2142,21146,10.1295753333964,0,56,48
2014,Indonesia,0,638,6315,10.1029295328583,0,38,49
2014,Lebanon,0,835,9891,8.44201799615812,0,42,50
2014,Brazil,0,152,2423,6.27321502269913,0,30,51
2014,Bulgaria,1829,499,12541,3.97894904712543,14.5841639422694,14,52
2014,Türkiye,0,965,34985,2.75832499642704,0,53,53
2014,Russian Federation,250044,5859,272841,2.14740453231003,91.6445842083851,1,54
2014,Angola,0,39,2091,1.86513629842181,0,28,55
2014,Kenya,0,1185,70953,1.67011965667414,0,41,56
2014,Montenegro,0,30,2434,1.23253903040263,0,45,57
2014,Jordan,0,113,14696,0.768916712030484,0,40,58
2014,Sudan,0,14,10565,0.132513014671084,0,51,59
2014,Serbia and Kosovo: S/RES/1244 (1999),10,5,16541,0.0302279185055317,0.0604558370110634,26,60
2015,South Africa,0,76370,83835,91.0956044611439,0,55,1
2015,Rep. of Korea,209,2781,3305,84.1452344931921,6.32375189107413,21,2
2015,Japan,70,5095,6158,82.7379019162066,1.13673270542384,33,3
2015,France,5518,87089,122651,71.0055360331347,4.49894415862896,23,4
2015,Argentina,0,681,1030,66.1165048543689,0,38,5
2015,Italy,26067,41694,71396,58.3982295926943,36.5104487646367,9,6
2015,Romania,287,851,1489,57.1524513096038,19.2746809939557,14,7
2015,United Kingdom of Great Britain and Northern Ireland,1758,28088,50490,55.6308179837592,3.48187759952466,28,8
2015,Pakistan,0,4264,7930,53.7704918032787,0,54,9
2015,Luxembourg,39,1073,2036,52.7013752455796,1.91552062868369,29,10
2015,Spain,798,1111,2121,52.3809523809524,37.6237623762376,8,11
2015,Australia,0,4483,9111,49.2042585885194,0,39,12
2015,Greece,844,11360,23415,48.5159086055947,3.60452701259876,27,13
2015,Ukraine,127,829,1796,46.1581291759465,7.07126948775056,17,14
2015,Ireland,0,1705,3949,43.1754874651811,0,47,15
2015,Norway,776,7587,17747,42.7508874739393,4.37257001183299,25,16
2015,Switzerland,7092,11927,28110,42.4297403059409,25.2294557097118,13,17
2015,Algeria,0,449,1095,41.0045662100457,0,37,18
2015,Morocco,0,785,1926,40.7580477673936,0,52,19
2015,Syrian Arab Rep.,0,1068,2646,40.3628117913832,0,57,20
2015,Belgium,1668,9577,24864,38.5175353925354,6.70849420849421,18,21
2015,Mexico,149,1293,3399,38.0406001765225,4.38364224771992,24,22
2015,Canada,0,6093,16068,37.9200896191187,0,43,23
2015,Austria,2462,13120,38023,34.5054309233885,6.47502827236147,19,24
2015,Germany,4859,109823,345286,31.8063865896677,1.407239216186,31,25
2015,Czechia,396,421,1364,30.8651026392962,29.0322580645161,11,26
2015,Sweden,20255,20089,71080,28.2625211029826,28.4960607765898,12,27
2015,Venezuela (Bolivarian Republic of),0,469,1680,27.9166666666667,0,61,28
2015,India,0,1554,5781,26.8811624286456,0,45,29
2015,Netherlands,418,5581,22892,24.3796959636554,1.82596540276079,30,30
2015,Sri Lanka,0,253,1039,24.3503368623677,0,56,31
2015,Cyprus,1645,790,3281,24.0780249923804,50.1371533069186,5,32
2015,Poland,169,2870,12107,23.7052944577517,1.39588667712893,32,33
2015,Zambia,0,632,2734,23.1163130943672,0,63,34
2015,Denmark,2387,2748,12934,21.2463275088913,18.4552342662749,15,35
2015,Finland,439,1269,6934,18.3011248918373,6.33112200749928,20,36
2015,Georgia,881,304,2051,14.8220380302292,42.9546562652365,7,37
2015,Malta,1246,282,1961,14.3804181540031,63.539010708822,3,38
2015,Thailand,0,359,2517,14.2630115216528,0,59,39
2015,Malawi,0,530,3907,13.5653954440747,0,50,40
2015,Zimbabwe,520,118,1011,11.6716122650841,51.4342235410485,4,41
2015,United States of America,602,9507,82994,11.4550449430079,0.72535364002217,34,42
2015,Belarus,879,140,1258,11.1287758346582,69.872813990461,2,43
2015,Uganda,0,3497,35618,9.81806951541355,0,60,44
2015,Indonesia,0,391,4027,9.70946113732307,0,46,45
2015,Egypt,636,1016,10559,9.62212330713136,6.02329766076333,22,46
2015,Malaysia,0,1219,13464,9.05377302436126,0,51,47
2015,Brazil,0,449,5152,8.71506211180124,0,40,48
2015,Cameroon,0,1078,12376,8.710407239819,0,42,49
2015,Burundi,0,277,4092,6.76930596285435,0,41,50
2015,Lebanon,0,645,13469,4.78877422228822,0,49,51
2015,Türkiye,0,1187,37162,3.19412302890049,0,58,52
2015,Russian Federation,149562,3761,153448,2.4509931703248,97.4675460090715,1,53
2015,Bulgaria,882,522,23134,2.2564191233682,3.81257024293248,26,54
2015,Sudan,25,88,4735,1.8585005279831,0.527983104540655,35,55
2015,Hungary,351,2879,155656,1.84959140669168,0.225497250346919,36,56
2015,Chad,0,15,1101,1.36239782016349,0,44,57
2015,Ghana,920,20,1927,1.03788271925272,47.7426050856253,6,58
2015,Kenya,1488,102,10015,1.01847229156266,14.8577134298552,16,59
2015,Yemen,0,10,1506,0.664010624169987,0,62,60
2015,Jordan,0,76,13464,0.564468211527035,0,48,61
2015,North Macedonia,0,10,3432,0.291375291375291,0,53,62
2015,Iraq,431,0,1364,0,31.5982404692082,10,63
2017,Gabon,57,1875,1937,96.799173980382,2.94269488900361,25,1
2017,Japan,30,12827,15794,81.2143852095733,0.189945548942636,32,2
2017,Rep. of Korea,322,5598,7225,77.4809688581315,4.45674740484429,21,3
2017,Argentina,0,1812,2375,76.2947368421053,0,35,4
2017,Australia,0,22778,32441,70.2136185690947,0,36,5
2017,France,17738,103367,148251,69.7243188916095,11.9648434074644,12,6
2017,Denmark,1184,5788,8497,68.118159350359,13.9343297634459,11,7
2017,Costa Rica,0,2018,3311,60.9483539716098,0,41,8
2017,Norway,204,7766,13119,59.1965851055721,1.55499656986051,29,9
2017,Ireland,127,1308,2291,57.0929725010912,5.54343081623745,18,10
2017,United Kingdom of Great Britain and Northern Ireland,1067,25832,45387,56.9149756538216,2.35089342763346,27,11
2017,Poland,359,4188,7437,56.3130294473578,4.82721527497647,20,12
2017,Sweden,13030,49004,88805,55.1815776138731,14.6725972636676,10,13
2017,Brazil,0,703,1288,54.5807453416149,0,37,14
2017,Spain,4194,7119,13123,54.2482664024994,31.9591556808657,3,15
2017,Lebanon,0,831,1637,50.7635919364692,0,48,16
2017,Italy,25921,46416,92215,50.3345442715393,28.1093097652226,6,17
2017,Thailand,0,3085,6161,50.0730400908943,0,58,18
2017,Finland,704,4505,9400,47.9255319148936,7.48936170212766,16,19
2017,Hungary,1096,2883,6127,47.0540231761058,17.8880365594908,8,20
2017,Belgium,2920,11470,24499,46.8182374790808,11.9188538307686,13,21
2017,Netherlands,606,8142,17618,46.2140992167102,3.43966398002043,22,22
2017,Israel,0,3131,6837,45.7949393008629,0,46,23
2017,Luxembourg,35,890,1985,44.8362720403023,1.7632241813602,28,24
2017,Czechia,123,621,1481,41.9311276164754,8.30519918973666,15,25
2017,Cyprus,1059,1516,3621,41.8668876001105,29.2460646230323,4,26
2017,South Africa,0,26162,66574,39.2976236969387,0,54,27
2017,Iceland,40,618,1597,38.6975579211021,2.50469630557295,26,28
2017,Pakistan,0,1520,3965,38.3354350567465,0,52,29
2017,Germany,146419,279447,749575,37.2807257445886,19.533602374679,7,30
2017,United States of America,0,38885,109185,35.6138663735861,0,60,31
2017,Ukraine,65,444,1248,35.5769230769231,5.20833333333333,19,32
2017,Canada,0,8835,26069,33.8908281867352,0,40,33
2017,Greece,2043,18454,62929,29.3251124282922,3.24651591476108,24,34
2017,Slovenia,10,457,1564,29.2199488491049,0.639386189258312,31,35
2017,Syrian Arab Rep.,0,1276,4546,28.0686317641883,0,56,36
2017,Cameroon,0,548,1977,27.7187658067779,0,39,37
2017,Morocco,0,862,3349,25.739026575097,0,51,38
2017,Mexico,0,1650,6867,24.0279598077763,0,50,39
2017,Egypt,0,5533,23664,23.381507775524,0,43,40
2017,Romania,446,1070,4666,22.9318474067724,9.5585083583369,14,41
2017,Zimbabwe,0,242,1167,20.7369323050557,0,62,42
2017,Bulgaria,892,2407,13764,17.4876489392618,6.48067422260971,17,43
2017,India,0,1327,8286,16.0149650012069,0,44,44
2017,Switzerland,7831,4291,27219,15.7647231713142,28.770344244829,5,45
2017,Austria,7075,5141,40976,12.5463686060133,17.2662046075752,9,46
2017,Croatia,19,241,2097,11.4926084883166,0.906056270863138,30,47
2017,Malaysia,0,3890,34958,11.1276388809428,0,49,48
2017,Indonesia,0,541,4931,10.9714053944433,0,45,49
2017,Uganda,0,7477,69191,10.8063187408767,0,59,50
2017,Malta,636,163,1587,10.2709514807813,40.0756143667297,2,51
2017,Algeria,0,105,1754,5.98631698973774,0,34,52
2017,Ecuador,0,590,19406,3.04029681541791,0,42,53
2017,Sudan,0,147,5307,2.76992651215376,0,55,54
2017,Burundi,0,173,7139,2.42330858663678,0,38,55
2017,Türkiye,0,844,63989,1.31897669912016,0,57,56
2017,Panama,0,33,2773,1.19004688063469,0,53,57
2017,Zambia,0,182,16833,1.08120952890156,0,61,58
2017,Jordan,0,10,2447,0.408663669799755,0,47,59
2017,Russian Federation,10380,0,14917,0,69.5850372058725,1,60
2017,Malawi,67,0,1962,0,3.41488277268094,23,61
2017,Albania,5,0,3012,0,0.166002656042497,33,62
2018,Japan,41,16512,21674,76.1834456030267,0.189166743563717,35,1
2018,Spain,2551,7448,10615,70.1648610456901,24.0320301460198,8,2
2018,Argentina,0,1081,1579,68.4610512982901,0,38,3
2018,Belgium,1295,10785,15830,68.1301326595073,8.18066961465572,18,4
2018,Italy,24185,64509,95372,67.6393490752003,25.3585958142851,6,5
2018,Venezuela (Bolivarian Republic of),0,1400,2101,66.6349357448834,0,65,6
2018,Australia,0,27602,43010,64.1757730760288,0,39,7
2018,Sweden,4475,37707,58845,64.0785113433597,7.60472427563939,19,8
2018,Denmark,585,2618,4221,62.0232172470978,13.8592750533049,11,9
2018,France,17899,104080,169323,61.4683179485362,10.5709206664186,16,10
2018,Poland,232,3802,6231,61.017493179265,3.72331888942385,28,11
2018,Ireland,210,2720,4513,60.2703301573233,4.65322401949923,25,12
2018,Ecuador,0,7102,11883,59.7660523436843,0,46,13
2018,Netherlands,371,6669,11202,59.5340117836101,3.31190858775219,29,14
2018,Czechia,120,1560,2635,59.2030360531309,4.55407969639469,26,15
2018,Costa Rica,0,2232,3836,58.1856100104275,0,45,16
2018,Norway,61,2938,5182,56.6962562717098,1.17715167888846,33,17
2018,Rep. of Korea,508,3224,5864,54.9795361527967,8.66302864938609,17,18
2018,Hungary,279,581,1095,53.0593607305936,25.4794520547945,5,19
2018,United Kingdom of Great Britain and Northern Ireland,2418,22545,43759,51.5208300006856,5.52572042322722,22,20
2018,Israel,501,5076,10418,48.7233634094836,4.8089844499904,24,21
2018,Cyprus,1030,1666,3568,46.6928251121076,28.8677130044843,4,22
2018,Brazil,0,5835,13048,44.7194972409565,0,40,23
2018,Ukraine,76,507,1156,43.8581314878893,6.57439446366782,21,24
2018,Algeria,0,442,1008,43.8492063492063,0,37,25
2018,Thailand,0,1157,2651,43.6439079592607,0,61,26
2018,Lebanon,0,564,1337,42.1839940164548,0,50,27
2018,United States of America,0,64202,155288,41.3438256658596,0,63,28
2018,Iceland,35,490,1204,40.6976744186046,2.90697674418605,30,29
2018,Luxembourg,45,405,1030,39.3203883495146,4.36893203883495,27,30
2018,Greece,2659,21143,54684,38.663960207739,4.86248262745959,23,31
2018,Canada,0,13047,34334,38.0002330051844,0,43,32
2018,Finland,432,2363,6305,37.4781919111816,6.85170499603489,20,33
2018,Bulgaria,422,1356,3676,36.8879216539717,11.4798694232862,14,34
2018,Germany,48972,140027,388719,36.0226796220406,12.5983036589413,12,35
2018,South Africa,0,8228,23256,35.3801169590643,0,57,36
2018,Romania,342,994,3019,32.9248095395826,11.3282543888705,15,37
2018,Malaysia,0,10024,35098,28.5600319106502,0,52,38
2018,Portugal,395,405,1620,25,24.3827160493827,7,39
2018,Austria,4191,6862,28983,23.6759479694994,14.4602008073698,10,40
2018,Egypt,293,3305,14422,22.9163777562058,2.03161836083761,32,41
2018,Croatia,24,252,1103,22.8467815049864,2.17588395285585,31,42
2018,Morocco,0,908,4318,21.0282538212135,0,53,43
2018,India,0,1315,6958,18.8991089393504,0,47,44
2018,Switzerland,8554,4913,26093,18.8288046602537,32.7827386655425,3,45
2018,Slovenia,0,409,2877,14.2161974278763,0,56,46
2018,Indonesia,0,322,2401,13.4110787172012,0,48,47
2018,Peru,0,307,2421,12.6807104502272,0,55,48
2018,Chile,0,280,2249,12.4499777678968,0,44,49
2018,Malta,506,271,2508,10.8054226475279,20.1754385964912,9,50
2018,Mexico,1463,1313,12309,10.6669916321391,11.8856121537087,13,51
2018,Cameroon,0,289,2917,9.90743914981145,0,42,52
2018,Uganda,0,2433,39419,6.17215048580634,0,62,53
2018,Syrian Arab Rep.,0,195,4166,4.68074891982717,0,59,54
2018,Jordan,0,78,1712,4.55607476635514,0,49,55
2018,Sudan,0,472,17020,2.7732079905993,0,58,56
2018,Uruguay,0,59,2453,2.40521810028536,0,64,57
2018,Burundi,0,193,12249,1.5756388276594,0,41,58
2018,Türkiye,0,386,81333,0.474592108984053,0,60,59
2018,Libya,0,15,4507,0.332815620146439,0,51,60
2018,Montenegro,5,10,3113,0.32123353678124,0.16061676839062,36,61
2018,Zambia,0,38,12672,0.299873737373737,0,66,62
2018,Panama,0,5,4447,0.112435349673937,0,54,63
2018,Russian Federation,5995,0,8643,0,69.3624898762004,1,64
2018,Kenya,16580,0,25525,0,64.9559255631734,2,65
2018,Albania,15,0,4241,0,0.353690167413346,34,66
2016,Japan,98,9601,11226,85.5246748619277,0.87297345448067,31,1
2016,Rep. of Korea,239,5544,6554,84.589563625267,3.64662801342691,22,2
2016,Ecuador,0,1434,1705,84.1055718475073,0,41,3
2016,Israel,0,2727,3456,78.90625,0,47,4
2016,Argentina,0,819,1110,73.7837837837838,0,34,5
2016,France,12610,84680,131806,64.2459372107491,9.56709102772256,17,6
2016,Australia,0,12835,20002,64.1685831416858,0,35,7
2016,Syrian Arab Rep.,0,2098,3387,61.9427221730145,0,58,8
2016,Italy,30616,54447,89848,60.5990116641439,34.0753272193037,6,9
2016,Finland,1790,15599,28162,55.3902421703004,6.35608266458348,19,10
2016,United Kingdom of Great Britain and Northern Ireland,1511,25510,46736,54.5831906881205,3.23305374871619,23,11
2016,Costa Rica,0,2819,5486,51.3853445133066,0,40,12
2016,Ukraine,42,662,1367,48.4272128749086,3.07242136064375,24,13
2016,Ireland,0,2471,5204,47.4827056110684,0,46,14
2016,Brazil,74,863,1878,45.9531416400426,3.94036208732694,20,15
2016,Morocco,0,918,2069,44.3692605123248,0,53,16
2016,Pakistan,0,3470,7893,43.9630051944761,0,55,17
2016,Bulgaria,589,1016,2362,43.0143945808637,24.9364944961897,8,18
2016,Norway,454,11786,29007,40.6315716895922,1.56513944909849,26,19
2016,Luxembourg,25,841,2185,38.4897025171625,1.1441647597254,29,20
2016,Czechia,306,506,1392,36.3505747126437,21.9827586206897,11,21
2016,Venezuela (Bolivarian Republic of),0,773,2207,35.0249207068419,0,63,22
2016,Lebanon,0,989,2830,34.9469964664311,0,49,23
2016,Denmark,2886,3930,11278,34.8466040078028,25.5896435538216,7,24
2016,Belgium,3288,10699,30772,34.7686208241258,10.6850383465488,16,25
2016,Greece,5286,14159,43908,32.2469709392366,12.0388084176004,15,26
2016,Canada,0,4963,16446,30.1775507722242,0,38,27
2016,Slovenia,33,331,1117,29.632945389436,2.95434198746643,25,28
2016,Cyprus,1184,810,2931,27.6356192425793,40.3957693619925,4,29
2016,Thailand,0,1601,5870,27.2742759795571,0,60,30
2016,Spain,6499,2390,9254,25.8266695483034,70.22909012319,2,31
2016,Mexico,0,1924,7460,25.7908847184987,0,52,32
2016,Germany,179578,196129,766371,25.5919130551652,23.4322540910342,9,33
2016,Sweden,50966,32044,128212,24.9929803762518,39.751349327676,5,34
2016,Georgia,207,306,1247,24.5388933440257,16.5998396150762,13,35
2016,Poland,159,3033,13000,23.3307692307692,1.22307692307692,28,36
2016,Romania,193,336,1529,21.9751471550033,12.6226291693918,14,37
2016,Egypt,0,4032,18866,21.371779921552,0,42,38
2016,Netherlands,0,7460,36761,20.2932455591524,0,54,39
2016,Zambia,0,465,3040,15.2960526315789,0,65,40
2016,United States of America,0,12626,87956,14.3549047250898,0,62,41
2016,Switzerland,6846,4156,31272,13.2898439498593,21.8917881811205,12,42
2016,Croatia,14,199,1549,12.8469980632666,0.903808908973531,30,43
2016,Uganda,0,3046,24172,12.6013569419163,0,61,44
2016,Malta,1117,226,1868,12.0985010706638,59.796573875803,3,45
2016,Malaysia,0,2872,24496,11.7243631613325,0,51,46
2016,Austria,3681,4155,41147,10.0979415267213,8.94597419009891,18,47
2016,Portugal,252,100,1142,8.75656742556918,22.0665499124343,10,48
2016,Indonesia,0,383,4375,8.75428571428571,0,45,49
2016,Hungary,256,4677,54560,8.57221407624633,0.469208211143695,32,50
2016,India,0,451,5913,7.62726196516151,0,44,51
2016,Cameroon,0,437,5963,7.32852590977696,0,37,52
2016,Algeria,0,202,2875,7.02608695652174,0,33,53
2016,South Africa,0,38916,913111,4.26191339278576,0,57,54
2016,Jordan,0,57,1452,3.92561983471074,0,48,55
2016,Ghana,0,50,1656,3.01932367149758,0,43,56
2016,Burundi,0,189,6513,2.90188853063105,0,36,57
2016,Yemen,0,131,5084,2.57671125098348,0,64,58
2016,Türkiye,0,949,46092,2.05892562700686,0,59,59
2016,Sudan,70,86,5067,1.69725675942372,1.38148805999605,27,60
2016,Malawi,0,121,10371,1.16671487802526,0,50,61
2016,Chad,0,10,1151,0.868809730668984,0,39,62
2016,Panama,0,5,1945,0.25706940874036,0,56,63
2016,Kenya,529,10,14439,0.0692568737447192,3.66368862109564,21,64
2016,Russian Federation,21972,0,24986,0,87.93724485712,1,65
2010,South Africa,0,66968,77043,86.9228872188258,0,44,1
2010,Venezuela (Bolivarian Republic of),0,1700,1960,86.734693877551,0,50,2
2010,Morocco,0,1042,1258,82.8298887122417,0,42,3
2010,Ireland,0,4368,5406,80.7991120976693,0,38,4
2010,Cyprus,460,4699,6051,77.656585688316,7.60204924805817,13,5
2010,France,3039,51235,66978,76.4952671026307,4.53731075875661,18,6
2010,Belgium,855,17089,22393,76.3140267047738,3.81815745992051,22,7
2010,Russian Federation,1024,2943,4084,72.0617042115573,25.0734573947111,3,8
2010,Spain,361,1660,2366,70.1606086221471,15.257819103973,9,9
2010,Greece,25,3354,4799,69.8895603250677,0.520941862888102,28,10
2010,Italy,1460,7021,10091,69.5768506590031,14.46833812308,10,11
2010,Japan,359,1368,1985,68.9168765743073,18.0856423173804,6,12
2010,Sweden,8002,29469,44688,65.9438775510204,17.906373075546,7,13
2010,Denmark,651,2688,4106,65.4651729176814,15.854846566001,8,14
2010,United Kingdom of Great Britain and Northern Ireland,2000,31204,47799,65.2817004539844,4.18418795372288,20,15
2010,Austria,1742,13288,20502,64.8131889571749,8.49673202614379,12,16
2010,Norway,2527,17370,27070,64.1669745105283,9.33505725895826,11,17
2010,Australia,0,5315,9311,57.0830200837719,0,29,18
2010,Germany,2664,27270,48139,56.64845551424,5.53397453208417,17,19
2010,China, Hong Kong SAR,10,562,1015,55.3694581280788,0.985221674876847,25,20
2010,Netherlands,7793,10239,18914,54.1345035423496,41.2022840224173,1,21
2010,Canada,0,13593,32453,41.8851878100638,0,31,22
2010,Lebanon,10,508,1245,40.8032128514056,0.803212851405622,27,23
2010,Czechia,103,614,1526,40.2359108781127,6.74967234600262,16,24
2010,Egypt,0,828,2152,38.4758364312268,0,33,25
2010,Jordan,16,672,1930,34.8186528497409,0.829015544041451,26,26
2010,Ukraine,38,597,1750,34.1142857142857,2.17142857142857,24,27
2010,Poland,233,1648,5185,31.7839922854388,4.49373191899711,19,28
2010,Costa Rica,0,358,1196,29.933110367893,0,32,29
2010,Pakistan,0,334,1279,26.1141516810008,0,43,30
2010,Hungary,175,615,2368,25.9712837837838,7.3902027027027,14,31
2010,India,0,1514,6560,23.0792682926829,0,35,32
2010,Cameroon,0,578,2523,22.9092350376536,0,30,33
2010,Thailand,0,355,1674,21.2066905615293,0,47,34
2010,Finland,1599,1125,5819,19.333218766111,27.4789482728991,2,35
2010,Yemen,83,463,2546,18.1853888452474,3.26001571091909,23,36
2010,Türkiye,0,1942,10814,17.9582023303126,0,46,37
2010,United States of America,0,10487,70011,14.9790747168302,0,49,38
2010,Ecuador,6530,4088,32089,12.7395680762878,20.349652528904,5,39
2010,Switzerland,4784,2738,21582,12.6864980075989,22.1666203317579,4,40
2010,Ethiopia,0,707,5868,12.0483980913429,0,34,41
2010,Syrian Arab Rep.,153,383,3907,9.80291783977476,3.9160481187612,21,42
2010,Kenya,0,1078,11105,9.70733903647006,0,39,43
2010,Uganda,0,583,6230,9.35794542536116,0,48,44
2010,Sudan,0,268,12317,2.17585451002679,0,45,45
2010,Malaysia,0,531,24913,2.13141733231646,0,41,46
2010,Zimbabwe,0,15,1193,1.25733445096396,0,51,47
2010,Libya,0,17,1728,0.983796296296296,0,40,48
2010,Indonesia,0,20,3594,0.556483027267668,0,36,49
2010,Iraq,0,5,1563,0.319897632757518,0,37,50
2010,Burundi,349,0,5053,0,6.90678804670493,15,51
2011,Ireland,5,3398,3830,88.7206266318538,0.130548302872063,25,1
2011,Japan,241,2628,2979,88.2175226586103,8.08996307485733,13,2
2011,Cyprus,40,5711,6512,87.6996314496315,0.614250614250614,22,3
2011,France,2433,63733,74379,85.6868202046277,3.27108458032509,19,4
2011,South Africa,0,37122,43921,84.5199335169964,0,46,5
2011,Romania,33,1410,1699,82.9899941141848,1.94231901118305,20,6
2011,Italy,2525,16984,21306,79.7146343752933,11.8511217497419,10,7
2011,Israel,14,3786,4855,77.9814624098867,0.288362512873326,24,8
2011,Ecuador,0,9576,12302,77.8410014631767,0,32,9
2011,Belgium,1315,26399,34631,76.2293898530219,3.79717594063123,18,10
2011,Venezuela (Bolivarian Republic of),0,1166,1657,70.3681351840676,0,54,11
2011,Luxembourg,0,1077,1558,69.1270860077022,0,40,12
2011,Sweden,7953,28737,44297,64.8734677291916,17.9538117705488,7,13
2011,Denmark,565,2761,4296,64.2690875232775,13.1517690875233,9,14
2011,Spain,642,1840,2980,61.744966442953,21.5436241610738,6,15
2011,United Kingdom of Great Britain and Northern Ireland,1716,21770,36046,60.3950507684625,4.76058369860734,16,16
2011,Austria,2018,11535,19214,60.0343499531592,10.5027584053294,11,17
2011,Australia,0,8725,14633,59.6255039978132,0,27,18
2011,Norway,1665,11729,19821,59.1746127844206,8.40018162554866,12,19
2011,Malta,800,1429,2424,58.9521452145215,33.003300330033,4,20
2011,Netherlands,7518,10178,18516,54.9686757399006,40.6027219701879,3,21
2011,Germany,2557,23708,43321,54.7263451905542,5.90244915860668,15,22
2011,Hungary,106,717,1456,49.2445054945055,7.28021978021978,14,23
2011,Canada,0,16126,34240,47.0969626168224,0,30,24
2011,Ukraine,5,526,1450,36.2758620689655,0.344827586206897,23,25
2011,Greece,213,9208,26693,34.4959352639269,0.797962012512644,21,26
2011,Jordan,0,585,1749,33.4476843910806,0,37,27
2011,Cameroon,0,727,2291,31.7328677433435,0,29,28
2011,Malawi,0,316,1028,30.7392996108949,0,41,29
2011,Egypt,0,575,2048,28.076171875,0,33,30
2011,Angola,0,412,1485,27.7441077441077,0,26,31
2011,Poland,419,2734,10078,27.1283984917642,4.15757094661639,17,32
2011,Brazil,720,305,1144,26.6608391608392,62.9370629370629,2,33
2011,Yemen,0,528,2027,26.0483473112975,0,55,34
2011,Uganda,0,2479,10048,24.671576433121,0,52,35
2011,Lebanon,0,321,1348,23.813056379822,0,39,36
2011,Kenya,0,1808,7873,22.9645624285533,0,38,37
2011,India,0,1097,5002,21.9312275089964,0,34,38
2011,Pakistan,0,292,1447,20.1796821008984,0,43,39
2011,Syrian Arab Rep.,0,691,3681,18.7720728063026,0,48,40
2011,Finland,1108,603,3501,17.2236503856041,31.6481005427021,5,41
2011,United States of America,0,11833,77928,15.1845293091058,0,53,42
2011,Iran (Islamic Rep. of),0,180,1449,12.4223602484472,0,36,43
2011,Switzerland,3058,2240,20440,10.958904109589,14.9608610567515,8,44
2011,Congo,0,336,3147,10.6768350810296,0,31,45
2011,Malaysia,0,1630,17338,9.40131503056869,0,42,46
2011,Tunisia,0,324,3963,8.17562452687358,0,51,47
2011,Panama,0,62,1066,5.81613508442777,0,44,48
2011,Serbia and Kosovo: S/RES/1244 (1999),0,154,3115,4.9438202247191,0,45,49
2011,Türkiye,0,662,13585,4.87302171512698,0,49,50
2011,Sudan,0,329,9654,3.40791381810648,0,47,51
2011,Thailand,0,240,9829,2.44175399328518,0,50,52
2011,Indonesia,0,26,2888,0.900277008310249,0,35,53
2011,Togo,5023,10,5069,0.197277569540343,99.0925231801144,1,54
2011,Burundi,0,5,5641,0.088636766530757,0,28,55
2019,Italy,8238,75108,93676,80.1784875528417,8.79414150903113,11,1
2019,Australia,0,20694,29136,71.0255354200988,0,34,2
2019,France,16012,116292,164668,70.6221002259091,9.72380790438944,9,3
2019,Sweden,2563,31281,46292,67.5732307958178,5.53659379590426,16,4
2019,Japan,38,10920,16696,65.4048873981792,0.227599425011979,31,5
2019,Denmark,962,2246,3962,56.688541140838,24.2806663301363,3,6
2019,United States of America,0,106347,196210,54.200601396463,0,68,7
2019,Ireland,174,3556,6575,54.0836501901141,2.64638783269962,23,8
2019,Rep. of Korea,224,5155,9663,53.3478215874987,2.31812066645969,24,9
2019,Poland,140,2515,4796,52.4395329441201,2.91909924937448,22,10
2019,Cyprus,1153,2775,5681,48.8470339728921,20.2957225840521,4,11
2019,South Africa,0,22100,46179,47.8572511314667,0,60,12
2019,Belgium,535,5143,10815,47.5543226999538,4.94683310217291,18,13
2019,Ecuador,0,5978,12880,46.4130434782609,0,45,14
2019,Argentina,0,882,1953,45.1612903225806,0,33,15
2019,Czechia,98,951,2117,44.9220595181861,4.62919225318847,19,16
2019,Finland,452,3272,7407,44.1744295936277,6.10233562845957,14,17
2019,Luxembourg,25,510,1155,44.1558441558442,2.16450216450216,25,18
2019,Romania,272,1092,2484,43.9613526570048,10.9500805152979,8,19
2019,Bulgaria,0,1121,2643,42.4139235716988,0,37,20
2019,Netherlands,560,5965,14135,42.2002122391227,3.96179695790591,20,21
2019,United Kingdom of Great Britain and Northern Ireland,2349,16907,41606,40.6359659664471,5.64582031437773,15,22
2019,Canada,0,21604,53180,40.6242948476871,0,39,23
2019,Israel,125,3530,8695,40.598044853364,1.43760782058654,27,24
2019,Norway,71,1669,4277,39.0226794482114,1.660042085574,26,25
2019,Thailand,0,379,1078,35.1576994434137,0,65,26
2019,Germany,38601,116011,336534,34.472297004166,11.4701634901674,7,27
2019,Costa Rica,0,5385,15867,33.9383626394403,0,42,28
2019,Greece,4115,21392,63993,33.4286562592784,6.43039082399638,13,29
2019,Austria,2231,7382,23574,31.3141596674302,9.4638160685501,10,30
2019,Spain,36801,14917,53387,27.9412591080226,68.932511660142,1,31
2019,Iceland,247,455,1629,27.9312461632904,15.1626764886433,5,32
2019,Croatia,0,241,1009,23.8850346878097,0,43,33
2019,Switzerland,5010,3944,19115,20.6330107245619,26.209782893016,2,34
2019,Morocco,0,768,4362,17.6066024759285,0,55,35
2019,Malta,295,314,2130,14.7417840375587,13.849765258216,6,36
2019,Mauritania,0,197,1459,13.5023989033585,0,53,37
2019,Ukraine,59,743,5557,13.3705236638474,1.06172395177254,28,38
2019,Chile,0,555,4228,13.1267738883633,0,40,39
2019,Slovenia,0,479,3826,12.5196027182436,0,59,40
2019,India,0,1004,8088,12.4134520276954,0,47,41
2019,Mexico,1245,3032,24760,12.2455573505654,5.02827140549273,17,42
2019,Tajikistan,0,210,2135,9.83606557377049,0,64,43
2019,Türkiye,0,5212,53946,9.66151336521707,0,63,44
2019,Egypt,0,2607,27215,9.57927613448466,0,46,45
2019,Jordan,0,122,1382,8.82778581765557,0,48,46
2019,Cameroon,0,181,2162,8.37187789084181,0,38,47
2019,Lebanon,0,639,7914,8.07429871114481,0,50,48
2019,Peru,0,250,3617,6.91180536356096,0,58,49
2019,Uganda,0,2758,54173,5.09109704096136,0,67,50
2019,Bosnia and Herzegovina,42,49,1076,4.55390334572491,3.90334572490706,21,51
2019,Congo,0,163,3750,4.34666666666667,0,41,52
2019,Algeria,0,425,9967,4.26407143573794,0,32,53
2019,Malaysia,0,797,18787,4.24229520413052,0,52,54
2019,Serbia and Kosovo: S/RES/1244 (1999),20,78,2291,3.40462680052379,0.872981230903536,29,55
2019,Burundi,68,279,9544,2.9233025984912,0.712489522212909,30,56
2019,Brazil,0,591,27828,2.1237602414834,0,36,57
2019,Belize,0,33,1692,1.95035460992908,0,35,58
2019,Uruguay,0,90,4895,1.83861082737487,0,69,59
2019,Trinidad and Tobago,0,23,1781,1.2914093206064,0,66,60
2019,Niger,0,117,9213,1.26994464343862,0,56,61
2019,Kenya,0,63,12502,0.503919372900336,0,49,62
2019,Montenegro,0,5,1591,0.314267756128221,0,54,63
2019,Syrian Arab Rep.,0,20,8152,0.245338567222767,0,62,64
2019,Zambia,0,12,6092,0.196979645436638,0,70,65
2019,Sudan,0,17,9166,0.185468034038839,0,61,66
2019,Panama,0,10,5657,0.176772140710624,0,57,67
2019,Libya,0,28,18832,0.148683092608326,0,51,68
2019,Dem. Rep. of the Congo,0,10,11178,0.0894614421184469,0,44,69
2019,Portugal,100,0,1299,0,7.69822940723634,12,70
2020,Chile,0,2058,2126,96.8015051740358,0,36,1
2020,France,12267,98520,131792,74.7541580672575,9.30784873133423,13,2
2020,Belgium,1015,17010,23015,73.9083206604388,4.41016728220726,22,3
2020,Japan,44,8704,11867,73.3462543186989,0.370776101794893,29,4
2020,Australia,0,21063,28959,72.7338651196519,0,31,5
2020,Poland,233,3745,5187,72.1997300944669,4.49199922884133,21,6
2020,Italy,6996,29186,40893,71.371628396058,17.1080625045851,6,7
2020,Sweden,1580,25717,36178,71.0846370722539,4.36729504118525,23,8
2020,Denmark,221,1080,1616,66.8316831683168,13.6757425742574,8,9
2020,Ireland,76,2260,3790,59.6306068601583,2.00527704485488,26,10
2020,Spain,42118,68415,114909,59.5384173563428,36.653351782715,1,11
2020,Czechia,74,787,1432,54.9581005586592,5.16759776536313,20,12
2020,Bulgaria,706,1381,2626,52.5894897182026,26.8849961919269,4,13
2020,Ukraine,108,528,1014,52.0710059171598,10.6508875739645,11,14
2020,United States of America,0,52671,101422,51.9325195716906,0,58,15
2020,Rep. of Korea,152,6529,12662,51.5637340072658,1.20044226820408,27,16
2020,Israel,58,4635,9597,48.2963426070647,0.604355527769095,28,17
2020,Greece,8493,42071,95500,44.0534031413613,8.89319371727749,14,18
2020,Norway,57,1233,2829,43.5843054082715,2.01484623541888,25,19
2020,Canada,0,16079,39476,40.7310771101429,0,35,20
2020,Cyprus,1510,2436,6407,38.0209146246293,23.5679725300453,5,21
2020,United Kingdom of Great Britain and Northern Ireland,1474,8545,25796,33.1252907427508,5.71406419599938,17,22
2020,Austria,2515,6676,20440,32.6614481409002,12.3043052837573,9,23
2020,Finland,250,1488,4679,31.8016670228681,5.34302201325069,19,24
2020,Romania,466,1363,4351,31.3261319236957,10.7101815674558,10,25
2020,Luxembourg,107,407,1350,30.1481481481481,7.92592592592593,15,26
2020,Netherlands,809,3806,14326,26.5670808320536,5.6470752478012,18,27
2020,Sudan,0,2315,8721,26.5451209723656,0,54,28
2020,Guinea,0,324,1236,26.2135922330097,0,42,29
2020,Germany,20187,68459,271729,25.1938512267737,7.42909295658542,16,30
2020,Iceland,408,325,1301,24.9807840122982,31.3604919292852,2,31
2020,Costa Rica,0,4528,19702,22.9824383311339,0,38,32
2020,Türkiye,0,10674,46513,22.9484230215209,0,55,33
2020,Switzerland,4638,3625,16235,22.3283030489683,28.5679088389282,3,34
2020,Malta,173,378,1813,20.8494208494208,9.54219525648097,12,35
2020,Mexico,1093,5479,26872,20.3892527537958,4.06743078297112,24,36
2020,Egypt,0,3871,20113,19.2462586386914,0,41,37
2020,Burundi,0,926,5050,18.3366336633663,0,33,38
2020,Lebanon,0,697,3821,18.2412980895054,0,45,39
2020,Croatia,0,282,1553,18.158403090792,0,39,40
2020,Slovenia,0,652,3617,18.025988388167,0,51,41
2020,India,0,666,3723,17.8887993553586,0,43,42
2020,South Africa,0,3458,20557,16.8215206499003,0,53,43
2020,Mauritania,0,335,2059,16.270033997086,0,48,44
2020,Jordan,0,277,2475,11.1919191919192,0,44,45
2020,Tajikistan,0,145,2095,6.92124105011933,0,56,46
2020,Peru,0,141,2042,6.90499510284035,0,50,47
2020,Somalia,0,429,6456,6.64498141263941,0,52,48
2020,Serbia and Kosovo: S/RES/1244 (1999),5,67,1516,4.41952506596306,0.329815303430079,30,49
2020,Uganda,0,748,20194,3.70407051599485,0,57,50
2020,Zambia,0,281,8431,3.33293796702645,0,60,51
2020,Libya,0,258,8760,2.94520547945206,0,46,52
2020,Cameroon,0,132,4732,2.78951817413356,0,34,53
2020,Brazil,0,504,26776,1.8822826411712,0,32,54
2020,Malaysia,0,118,7231,1.63186281288895,0,47,55
2020,Dem. Rep. of the Congo,0,25,1748,1.43020594965675,0,40,56
2020,Colombia,0,5,1079,0.46339202965709,0,37,57
2020,Uruguay,0,17,6058,0.280620666886761,0,59,58
2020,Niger,0,77,36160,0.212942477876106,0,49,59
2020,Ecuador,195,0,1151,0,16.9417897480452,7,60
2021,Australia,0,20363,26321,77.3640819117815,0,29,1
2021,Japan,573,10348,13555,76.340833640723,4.22722242714865,21,2
2021,Cyprus,1974,12320,16442,74.9300571706605,12.0058387057536,10,3
2021,Spain,15029,49538,69422,71.3577828354124,21.648756878223,6,4
2021,Sweden,642,17200,24741,69.5202295784326,2.59488298775312,25,5
2021,Rep. of Korea,55,7008,10794,64.9249583101723,0.509542338336113,27,6
2021,France,18429,134695,208187,64.6990446089333,8.85213774154967,12,7
2021,Belgium,855,11825,20915,56.5383695912025,4.08797513746115,22,8
2021,Denmark,426,979,1866,52.465166130761,22.8295819935691,4,9
2021,Italy,14291,22828,43989,51.8947918797881,32.4876673713883,1,10
2021,Israel,10,3762,7289,51.61201810948,0.137193030594046,28,11
2021,Ireland,104,1963,3894,50.4108885464818,2.67077555213148,24,12
2021,Poland,1155,3054,6360,48.0188679245283,18.1603773584906,7,13
2021,Czechia,107,770,1619,47.5602223594812,6.60901791229154,15,14
2021,Egypt,0,4376,10635,41.1471556182417,0,40,15
2021,Morocco,0,694,1782,38.9450056116723,0,47,16
2021,United States of America,0,43277,114006,37.9602827921337,0,58,17
2021,South Africa,0,5075,13940,36.4060258249641,0,52,18
2021,Costa Rica,0,2564,7423,34.5412905833221,0,35,19
2021,Norway,131,770,2279,33.7867485739359,5.7481351469943,19,20
2021,Canada,0,20596,61038,33.7429142501393,0,33,21
2021,Ukraine,80,338,1030,32.8155339805825,7.76699029126214,13,22
2021,Ecuador,0,987,3415,28.9019033674963,0,39,23
2021,Greece,4655,20179,70722,28.53284692175,6.58211023443907,16,24
2021,United Kingdom of Great Britain and Northern Ireland,1209,6705,24226,27.6768760835466,4.99050606786098,20,25
2021,Germany,40708,70586,257029,27.4622707943462,15.8379015597462,8,26
2021,Austria,4254,9297,34117,27.2503444030835,12.4688571679808,9,27
2021,Panama,0,428,1579,27.1057631412286,0,49,28
2021,Tunisia,0,294,1092,26.9230769230769,0,56,29
2021,Finland,165,1068,4037,26.4552885806292,4.08719346049046,23,30
2021,Malta,167,730,2778,26.2778977681785,6.01151907847372,18,31
2021,Romania,699,2387,9104,26.219244288225,7.67794376098418,14,32
2021,Luxembourg,130,310,1195,25.9414225941423,10.8786610878661,11,33
2021,Türkiye,0,11908,46474,25.6229289495202,0,54,34
2021,Burundi,0,401,1820,22.032967032967,0,31,35
2021,Jordan,0,301,1418,21.2270803949224,0,43,36
2021,Netherlands,1348,4422,21230,20.8290155440415,6.34950541686293,17,37
2021,Uganda,0,4632,24214,19.1294292558024,0,57,38
2021,Iceland,287,212,1238,17.124394184168,23.1825525040388,3,39
2021,Mexico,849,9751,58063,16.793827394382,1.46220484645988,26,40
2021,Switzerland,3422,2368,15416,15.3606642449403,22.1977166580176,5,41
2021,Croatia,0,268,2520,10.6349206349206,0,37,42
2021,Mauritania,0,372,3760,9.8936170212766,0,46,43
2021,India,0,388,4093,9.4795993159052,0,42,44
2021,Zambia,0,483,8311,5.81157502105643,0,59,45
2021,Malaysia,0,172,3663,4.6956046956047,0,45,46
2021,Brazil,0,445,11190,3.97676496872207,0,30,47
2021,Peru,0,77,2003,3.84423364952571,0,50,48
2021,Cote d'Ivoire,0,67,2262,2.96198054818744,0,36,49
2021,Cameroon,0,65,2515,2.5844930417495,0,32,50
2021,Sudan,0,44,1909,2.30487166055526,0,53,51
2021,Bulgaria,1877,126,6158,2.04611886976291,30.4806755440078,2,52
2021,Guinea,0,61,3454,1.76606832657788,0,41,53
2021,Tajikistan,0,60,3735,1.60642570281124,0,55,54
2021,Slovenia,0,47,4920,0.955284552845528,0,51,55
2021,Libya,0,135,17551,0.769186940915048,0,44,56
2021,Colombia,0,25,6954,0.359505320678746,0,34,57
2021,Nigeria,0,5,2313,0.216169476869866,0,48,58
2021,Dem. Rep. of the Congo,0,23,45148,0.0509435633915124,0,38,59
