Year,Country of Asylum,CA latitude,CA longitude,Refugees
2015,Samoa,-13.759029,-172.104629,0
2016,Samoa,-13.759029,-172.104629,5
2017,Samoa,-13.759029,-172.104629,5
2018,Samoa,-13.759029,-172.104629,5
2010,Canada,56.130366,-106.346771,163630
2011,Canada,56.130366,-106.346771,162979
2012,Canada,56.130366,-106.346771,161926
2013,Canada,56.130366,-106.346771,158511
2014,Canada,56.130366,-106.346771,147464
2015,Canada,56.130366,-106.346771,134241
2016,Canada,56.130366,-106.346771,97065
2017,Canada,56.130366,-106.346771,104364
2018,Canada,56.130366,-106.346771,113594
2019,Canada,56.130366,-106.346771,100218
2020,Canada,56.130366,-106.346771,104689
2021,Canada,56.130366,-106.346771,119690
2010,Mexico,23.634501,-102.552784,1364
2011,Mexico,23.634501,-102.552784,1647
2012,Mexico,23.634501,-102.552784,1501
2013,Mexico,23.634501,-102.552784,1814
2014,Mexico,23.634501,-102.552784,1820
2015,Mexico,23.634501,-102.552784,2904
2016,Mexico,23.634501,-102.552784,6178
2017,Mexico,23.634501,-102.552784,8993
2018,Mexico,23.634501,-102.552784,16530
2019,Mexico,23.634501,-102.552784,28517
2020,Mexico,23.634501,-102.552784,45434
2021,Mexico,23.634501,-102.552784,73448
2010,United States,37.09024,-95.712891,262474
2011,United States,37.09024,-95.712891,262459
2012,United States,37.09024,-95.712891,259268
2013,United States,37.09024,-95.712891,260497
2014,United States,37.09024,-95.712891,263836
2015,United States,37.09024,-95.712891,269552
2016,United States,37.09024,-95.712891,268538
2017,United States,37.09024,-95.712891,282132
2018,United States,37.09024,-95.712891,307824
2019,United States,37.09024,-95.712891,335285
2020,United States,37.09024,-95.712891,334316
2021,United States,37.09024,-95.712891,332767
2010,Guatemala,15.783471,-90.230759,137
2011,Guatemala,15.783471,-90.230759,148
2012,Guatemala,15.783471,-90.230759,157
2013,Guatemala,15.783471,-90.230759,154
2014,Guatemala,15.783471,-90.230759,160
2015,Guatemala,15.783471,-90.230759,222
2016,Guatemala,15.783471,-90.230759,295
2017,Guatemala,15.783471,-90.230759,360
2018,Guatemala,15.783471,-90.230759,380
2019,Guatemala,15.783471,-90.230759,408
2020,Guatemala,15.783471,-90.230759,442
2021,Guatemala,15.783471,-90.230759,479
2010,El Salvador,13.794185,-88.89653,39
2011,El Salvador,13.794185,-88.89653,39
2012,El Salvador,13.794185,-88.89653,43
2013,El Salvador,13.794185,-88.89653,42
2014,El Salvador,13.794185,-88.89653,33
2015,El Salvador,13.794185,-88.89653,46
2016,El Salvador,13.794185,-88.89653,41
2017,El Salvador,13.794185,-88.89653,40
2018,El Salvador,13.794185,-88.89653,44
2019,El Salvador,13.794185,-88.89653,48
2020,El Salvador,13.794185,-88.89653,48
2021,El Salvador,13.794185,-88.89653,98
2010,Belize,17.189877,-88.49765,134
2011,Belize,17.189877,-88.49765,78
2012,Belize,17.189877,-88.49765,27
2013,Belize,17.189877,-88.49765,21
2014,Belize,17.189877,-88.49765,10
2015,Belize,17.189877,-88.49765,34
2016,Belize,17.189877,-88.49765,0
2017,Belize,17.189877,-88.49765,0
2018,Belize,17.189877,-88.49765,29
2019,Belize,17.189877,-88.49765,29
2020,Belize,17.189877,-88.49765,29
2021,Belize,17.189877,-88.49765,86
2010,Honduras,15.199999,-86.241905,11
2011,Honduras,15.199999,-86.241905,16
2012,Honduras,15.199999,-86.241905,16
2013,Honduras,15.199999,-86.241905,16
2014,Honduras,15.199999,-86.241905,28
2015,Honduras,15.199999,-86.241905,28
2016,Honduras,15.199999,-86.241905,16
2017,Honduras,15.199999,-86.241905,27
2018,Honduras,15.199999,-86.241905,28
2019,Honduras,15.199999,-86.241905,75
2020,Honduras,15.199999,-86.241905,85
2021,Honduras,15.199999,-86.241905,144
2010,Nicaragua,12.865416,-85.207229,59
2011,Nicaragua,12.865416,-85.207229,80
2012,Nicaragua,12.865416,-85.207229,124
2013,Nicaragua,12.865416,-85.207229,184
2014,Nicaragua,12.865416,-85.207229,273
2015,Nicaragua,12.865416,-85.207229,325
2016,Nicaragua,12.865416,-85.207229,325
2017,Nicaragua,12.865416,-85.207229,322
2018,Nicaragua,12.865416,-85.207229,321
2019,Nicaragua,12.865416,-85.207229,322
2020,Nicaragua,12.865416,-85.207229,311
2021,Nicaragua,12.865416,-85.207229,313
2010,Costa Rica,9.748917,-83.753428,12352
2011,Costa Rica,9.748917,-83.753428,12558
2012,Costa Rica,9.748917,-83.753428,12615
2013,Costa Rica,9.748917,-83.753428,18990
2014,Costa Rica,9.748917,-83.753428,19162
2015,Costa Rica,9.748917,-83.753428,3603
2016,Costa Rica,9.748917,-83.753428,4162
2017,Costa Rica,9.748917,-83.753428,4479
2018,Costa Rica,9.748917,-83.753428,4531
2019,Costa Rica,9.748917,-83.753428,6204
2020,Costa Rica,9.748917,-83.753428,9593
2021,Costa Rica,9.748917,-83.753428,10224
2010,Panama,8.537981,-80.782127,17066
2011,Panama,8.537981,-80.782127,17249
2012,Panama,8.537981,-80.782127,17414
2013,Panama,8.537981,-80.782127,17650
2014,Panama,8.537981,-80.782127,17256
2015,Panama,8.537981,-80.782127,17304
2016,Panama,8.537981,-80.782127,17332
2017,Panama,8.537981,-80.782127,2417
2018,Panama,8.537981,-80.782127,2501
2019,Panama,8.537981,-80.782127,2536
2020,Panama,8.537981,-80.782127,2562
2021,Panama,8.537981,-80.782127,2542
2010,Cayman Islands,19.513469,-80.566956,0
2013,Cayman Islands,19.513469,-80.566956,5
2014,Cayman Islands,19.513469,-80.566956,5
2015,Cayman Islands,19.513469,-80.566956,10
2016,Cayman Islands,19.513469,-80.566956,18
2017,Cayman Islands,19.513469,-80.566956,29
2018,Cayman Islands,19.513469,-80.566956,34
2019,Cayman Islands,19.513469,-80.566956,34
2020,Cayman Islands,19.513469,-80.566956,38
2021,Cayman Islands,19.513469,-80.566956,57
2010,Ecuador,-1.831239,-78.183406,121203
2011,Ecuador,-1.831239,-78.183406,123388
2012,Ecuador,-1.831239,-78.183406,123774
2013,Ecuador,-1.831239,-78.183406,123161
2014,Ecuador,-1.831239,-78.183406,122113
2015,Ecuador,-1.831239,-78.183406,121495
2016,Ecuador,-1.831239,-78.183406,101161
2017,Ecuador,-1.831239,-78.183406,47379
2018,Ecuador,-1.831239,-78.183406,51574
2019,Ecuador,-1.831239,-78.183406,104533
2020,Ecuador,-1.831239,-78.183406,104551
2021,Ecuador,-1.831239,-78.183406,56577
2010,Cuba,21.521757,-77.781167,406
2011,Cuba,21.521757,-77.781167,381
2012,Cuba,21.521757,-77.781167,366
2013,Cuba,21.521757,-77.781167,377
2014,Cuba,21.521757,-77.781167,276
2015,Cuba,21.521757,-77.781167,300
2016,Cuba,21.521757,-77.781167,312
2017,Cuba,21.521757,-77.781167,343
2018,Cuba,21.521757,-77.781167,287
2019,Cuba,21.521757,-77.781167,233
2020,Cuba,21.521757,-77.781167,222
2021,Cuba,21.521757,-77.781167,199
2010,Bahamas,25.03428,-77.39628,27
2011,Bahamas,25.03428,-77.39628,27
2012,Bahamas,25.03428,-77.39628,36
2013,Bahamas,25.03428,-77.39628,14
2014,Bahamas,25.03428,-77.39628,12
2015,Bahamas,25.03428,-77.39628,7
2016,Bahamas,25.03428,-77.39628,9
2017,Bahamas,25.03428,-77.39628,8
2018,Bahamas,25.03428,-77.39628,14
2019,Bahamas,25.03428,-77.39628,10
2020,Bahamas,25.03428,-77.39628,15
2021,Bahamas,25.03428,-77.39628,10
2010,Jamaica,18.109581,-77.297508,19
2011,Jamaica,18.109581,-77.297508,19
2012,Jamaica,18.109581,-77.297508,19
2013,Jamaica,18.109581,-77.297508,18
2014,Jamaica,18.109581,-77.297508,23
2015,Jamaica,18.109581,-77.297508,13
2016,Jamaica,18.109581,-77.297508,13
2017,Jamaica,18.109581,-77.297508,13
2018,Jamaica,18.109581,-77.297508,13
2019,Jamaica,18.109581,-77.297508,0
2020,Jamaica,18.109581,-77.297508,27
2021,Jamaica,18.109581,-77.297508,31
2010,Peru,-9.189967,-75.015152,1129
2011,Peru,-9.189967,-75.015152,1130
2012,Peru,-9.189967,-75.015152,1100
2013,Peru,-9.189967,-75.015152,1128
2014,Peru,-9.189967,-75.015152,1275
2015,Peru,-9.189967,-75.015152,1454
2016,Peru,-9.189967,-75.015152,1615
2017,Peru,-9.189967,-75.015152,1788
2018,Peru,-9.189967,-75.015152,2501
2019,Peru,-9.189967,-75.015152,2835
2020,Peru,-9.189967,-75.015152,4257
2021,Peru,-9.189967,-75.015152,5774
2010,Colombia,4.570868,-74.297333,193
2011,Colombia,4.570868,-74.297333,203
2012,Colombia,4.570868,-74.297333,199
2013,Colombia,4.570868,-74.297333,202
2014,Colombia,4.570868,-74.297333,198
2015,Colombia,4.570868,-74.297333,212
2016,Colombia,4.570868,-74.297333,241
2017,Colombia,4.570868,-74.297333,260
2018,Colombia,4.570868,-74.297333,294
2019,Colombia,4.570868,-74.297333,629
2020,Colombia,4.570868,-74.297333,952
2021,Colombia,4.570868,-74.297333,1499
2010,Haiti,18.971187,-72.285215,0
2011,Haiti,18.971187,-72.285215,0
2012,Haiti,18.971187,-72.285215,0
2013,Haiti,18.971187,-72.285215,0
2015,Haiti,18.971187,-72.285215,0
2016,Haiti,18.971187,-72.285215,5
2017,Haiti,18.971187,-72.285215,5
2018,Haiti,18.971187,-72.285215,5
2019,Haiti,18.971187,-72.285215,0
2020,Haiti,18.971187,-72.285215,0
2012,Turks and Caicos,21.694025,-71.797928,0
2013,Turks and Caicos,21.694025,-71.797928,5
2014,Turks and Caicos,21.694025,-71.797928,5
2015,Turks and Caicos,21.694025,-71.797928,5
2016,Turks and Caicos,21.694025,-71.797928,5
2017,Turks and Caicos,21.694025,-71.797928,5
2018,Turks and Caicos,21.694025,-71.797928,5
2019,Turks and Caicos,21.694025,-71.797928,5
2020,Turks and Caicos,21.694025,-71.797928,8
2021,Turks and Caicos,21.694025,-71.797928,7
2010,Chile,-35.675147,-71.542969,1164
2011,Chile,-35.675147,-71.542969,1220
2012,Chile,-35.675147,-71.542969,1249
2013,Chile,-35.675147,-71.542969,1295
2014,Chile,-35.675147,-71.542969,1323
2015,Chile,-35.675147,-71.542969,1399
2016,Chile,-35.675147,-71.542969,1295
2017,Chile,-35.675147,-71.542969,1428
2018,Chile,-35.675147,-71.542969,1594
2019,Chile,-35.675147,-71.542969,1614
2020,Chile,-35.675147,-71.542969,1620
2021,Chile,-35.675147,-71.542969,1631
2010,Dominican Republic,18.735693,-70.162651,600
2011,Dominican Republic,18.735693,-70.162651,595
2012,Dominican Republic,18.735693,-70.162651,757
2013,Dominican Republic,18.735693,-70.162651,721
2014,Dominican Republic,18.735693,-70.162651,608
2015,Dominican Republic,18.735693,-70.162651,615
2016,Dominican Republic,18.735693,-70.162651,593
2017,Dominican Republic,18.735693,-70.162651,594
2018,Dominican Republic,18.735693,-70.162651,164
2019,Dominican Republic,18.735693,-70.162651,164
2020,Dominican Republic,18.735693,-70.162651,162
2021,Dominican Republic,18.735693,-70.162651,162
2011,Aruba,12.52111,-69.968338,0
2012,Aruba,12.52111,-69.968338,0
2013,Aruba,12.52111,-69.968338,0
2014,Aruba,12.52111,-69.968338,0
2016,Aruba,12.52111,-69.968338,0
2017,Aruba,12.52111,-69.968338,0
2018,Aruba,12.52111,-69.968338,0
2019,Aruba,12.52111,-69.968338,0
2020,Aruba,12.52111,-69.968338,0
2021,Aruba,12.52111,-69.968338,0
2010,Venezuela,6.42375,-66.58973,201544
2011,Venezuela,6.42375,-66.58973,202013
2012,Venezuela,6.42375,-66.58973,203635
2013,Venezuela,6.42375,-66.58973,204331
2014,Venezuela,6.42375,-66.58973,173591
2015,Venezuela,6.42375,-66.58973,173745
2016,Venezuela,6.42375,-66.58973,172047
2017,Venezuela,6.42375,-66.58973,122804
2018,Venezuela,6.42375,-66.58973,67283
2019,Venezuela,6.42375,-66.58973,67749
2020,Venezuela,6.42375,-66.58973,68089
2021,Venezuela,6.42375,-66.58973,39328
2010,Argentina,-38.416097,-63.616672,2703
2011,Argentina,-38.416097,-63.616672,2787
2012,Argentina,-38.416097,-63.616672,2913
2013,Argentina,-38.416097,-63.616672,2780
2014,Argentina,-38.416097,-63.616672,2913
2015,Argentina,-38.416097,-63.616672,2649
2016,Argentina,-38.416097,-63.616672,2735
2017,Argentina,-38.416097,-63.616672,2759
2018,Argentina,-38.416097,-63.616672,2814
2019,Argentina,-38.416097,-63.616672,3213
2020,Argentina,-38.416097,-63.616672,3322
2021,Argentina,-38.416097,-63.616672,3408
2010,Bolivia,-16.290154,-63.588653,680
2011,Bolivia,-16.290154,-63.588653,701
2012,Bolivia,-16.290154,-63.588653,717
2013,Bolivia,-16.290154,-63.588653,734
2014,Bolivia,-16.290154,-63.588653,751
2015,Bolivia,-16.290154,-63.588653,762
2016,Bolivia,-16.290154,-63.588653,776
2017,Bolivia,-16.290154,-63.588653,802
2018,Bolivia,-16.290154,-63.588653,802
2019,Bolivia,-16.290154,-63.588653,863
2020,Bolivia,-16.290154,-63.588653,1116
2021,Bolivia,-16.290154,-63.588653,1116
2019,Anguilla,18.220554,-63.068615,0
2020,Anguilla,18.220554,-63.068615,0
2021,Anguilla,18.220554,-63.068615,0
2017,Saint Kitts and Nevis,17.357822,-62.782998,0
2018,Saint Kitts and Nevis,17.357822,-62.782998,5
2019,Saint Kitts and Nevis,17.357822,-62.782998,5
2020,Saint Kitts and Nevis,17.357822,-62.782998,0
2021,Saint Kitts and Nevis,17.357822,-62.782998,0
2010,Montserrat,16.742498,-62.187366,0
2011,Montserrat,16.742498,-62.187366,0
2012,Montserrat,16.742498,-62.187366,0
2015,Antigua and Barbuda,17.060816,-61.796428,15
2016,Antigua and Barbuda,17.060816,-61.796428,5
2010,Grenada,12.262776,-61.604171,0
2011,Grenada,12.262776,-61.604171,5
2020,Grenada,12.262776,-61.604171,0
2021,Grenada,12.262776,-61.604171,0
2019,Saint Vincent and the Grenadines,12.984305,-61.287228,0
2020,Saint Vincent and the Grenadines,12.984305,-61.287228,0
2021,Saint Vincent and the Grenadines,12.984305,-61.287228,0
2010,Trinidad and Tobago,10.691803,-61.222503,20
2011,Trinidad and Tobago,10.691803,-61.222503,15
2012,Trinidad and Tobago,10.691803,-61.222503,13
2013,Trinidad and Tobago,10.691803,-61.222503,10
2014,Trinidad and Tobago,10.691803,-61.222503,76
2015,Trinidad and Tobago,10.691803,-61.222503,105
2016,Trinidad and Tobago,10.691803,-61.222503,104
2017,Trinidad and Tobago,10.691803,-61.222503,282
2018,Trinidad and Tobago,10.691803,-61.222503,784
2019,Trinidad and Tobago,10.691803,-61.222503,2308
2020,Trinidad and Tobago,10.691803,-61.222503,3179
2021,Trinidad and Tobago,10.691803,-61.222503,3571
2010,Saint Lucia,13.909444,-60.978893,0
2011,Saint Lucia,13.909444,-60.978893,0
2013,Saint Lucia,13.909444,-60.978893,5
2018,Barbados,13.193887,-59.543198,0
2019,Barbados,13.193887,-59.543198,0
2020,Barbados,13.193887,-59.543198,0
2021,Barbados,13.193887,-59.543198,0
2010,Guyana,4.860416,-58.93018,7
2011,Guyana,4.860416,-58.93018,7
2012,Guyana,4.860416,-58.93018,7
2013,Guyana,4.860416,-58.93018,12
2014,Guyana,4.860416,-58.93018,12
2015,Guyana,4.860416,-58.93018,12
2016,Guyana,4.860416,-58.93018,12
2017,Guyana,4.860416,-58.93018,17
2018,Guyana,4.860416,-58.93018,25
2019,Guyana,4.860416,-58.93018,14
2020,Guyana,4.860416,-58.93018,23
2021,Guyana,4.860416,-58.93018,40
2010,Paraguay,-23.442503,-58.443832,103
2011,Paraguay,-23.442503,-58.443832,120
2012,Paraguay,-23.442503,-58.443832,129
2013,Paraguay,-23.442503,-58.443832,132
2014,Paraguay,-23.442503,-58.443832,149
2015,Paraguay,-23.442503,-58.443832,167
2016,Paraguay,-23.442503,-58.443832,199
2017,Paraguay,-23.442503,-58.443832,200
2018,Paraguay,-23.442503,-58.443832,260
2019,Paraguay,-23.442503,-58.443832,1014
2020,Paraguay,-23.442503,-58.443832,1686
2021,Paraguay,-23.442503,-58.443832,4484
2016,Suriname,3.919305,-56.027783,0
2017,Suriname,3.919305,-56.027783,34
2018,Suriname,3.919305,-56.027783,41
2019,Suriname,3.919305,-56.027783,44
2020,Suriname,3.919305,-56.027783,19
2021,Suriname,3.919305,-56.027783,29
2010,Uruguay,-32.522779,-55.765835,162
2011,Uruguay,-32.522779,-55.765835,165
2012,Uruguay,-32.522779,-55.765835,170
2013,Uruguay,-32.522779,-55.765835,190
2014,Uruguay,-32.522779,-55.765835,254
2015,Uruguay,-32.522779,-55.765835,292
2016,Uruguay,-32.522779,-55.765835,299
2017,Uruguay,-32.522779,-55.765835,334
2018,Uruguay,-32.522779,-55.765835,379
2019,Uruguay,-32.522779,-55.765835,498
2020,Uruguay,-32.522779,-55.765835,664
2021,Uruguay,-32.522779,-55.765835,877
2010,Brazil,-14.235004,-51.92528,4341
2011,Brazil,-14.235004,-51.92528,4461
2012,Brazil,-14.235004,-51.92528,4676
2013,Brazil,-14.235004,-51.92528,5177
2014,Brazil,-14.235004,-51.92528,7470
2015,Brazil,-14.235004,-51.92528,8693
2016,Brazil,-14.235004,-51.92528,9661
2017,Brazil,-14.235004,-51.92528,10247
2018,Brazil,-14.235004,-51.92528,11304
2019,Brazil,-14.235004,-51.92528,32844
2020,Brazil,-14.235004,-51.92528,59092
2021,Brazil,-14.235004,-51.92528,61956
2010,Iceland,64.963051,-19.020835,72
2011,Iceland,64.963051,-19.020835,55
2012,Iceland,64.963051,-19.020835,55
2013,Iceland,64.963051,-19.020835,72
2014,Iceland,64.963051,-19.020835,88
2015,Iceland,64.963051,-19.020835,162
2016,Iceland,64.963051,-19.020835,225
2017,Iceland,64.963051,-19.020835,341
2018,Iceland,64.963051,-19.020835,522
2019,Iceland,64.963051,-19.020835,867
2020,Iceland,64.963051,-19.020835,1430
2021,Iceland,64.963051,-19.020835,1793
2010,Gambia,13.443182,-15.310139,8373
2011,Gambia,13.443182,-15.310139,9523
2012,Gambia,13.443182,-15.310139,9846
2013,Gambia,13.443182,-15.310139,9557
2014,Gambia,13.443182,-15.310139,11606
2015,Gambia,13.443182,-15.310139,7851
2016,Gambia,13.443182,-15.310139,7936
2017,Gambia,13.443182,-15.310139,8039
2018,Gambia,13.443182,-15.310139,4027
2019,Gambia,13.443182,-15.310139,4302
2020,Gambia,13.443182,-15.310139,4378
2021,Gambia,13.443182,-15.310139,4418
2010,Guinea-Bissau,11.803749,-15.180413,7675
2011,Guinea-Bissau,11.803749,-15.180413,7796
2012,Guinea-Bissau,11.803749,-15.180413,7780
2013,Guinea-Bissau,11.803749,-15.180413,8535
2014,Guinea-Bissau,11.803749,-15.180413,8685
2015,Guinea-Bissau,11.803749,-15.180413,8685
2016,Guinea-Bissau,11.803749,-15.180413,8453
2017,Guinea-Bissau,11.803749,-15.180413,10135
2018,Guinea-Bissau,11.803749,-15.180413,3781
2019,Guinea-Bissau,11.803749,-15.180413,1846
2020,Guinea-Bissau,11.803749,-15.180413,1846
2021,Guinea-Bissau,11.803749,-15.180413,1846
2010,Senegal,14.497401,-14.452362,20670
2011,Senegal,14.497401,-14.452362,20640
2012,Senegal,14.497401,-14.452362,14229
2013,Senegal,14.497401,-14.452362,14241
2014,Senegal,14.497401,-14.452362,14267
2015,Senegal,14.497401,-14.452362,14383
2016,Senegal,14.497401,-14.452362,14575
2017,Senegal,14.497401,-14.452362,14646
2018,Senegal,14.497401,-14.452362,14359
2019,Senegal,14.497401,-14.452362,14467
2020,Senegal,14.497401,-14.452362,14361
2021,Senegal,14.497401,-14.452362,14479
2010,Sierra Leone,8.460555,-11.779889,8362
2011,Sierra Leone,8.460555,-11.779889,8091
2012,Sierra Leone,8.460555,-11.779889,4203
2013,Sierra Leone,8.460555,-11.779889,2816
2014,Sierra Leone,8.460555,-11.779889,1371
2015,Sierra Leone,8.460555,-11.779889,760
2016,Sierra Leone,8.460555,-11.779889,683
2017,Sierra Leone,8.460555,-11.779889,678
2018,Sierra Leone,8.460555,-11.779889,591
2019,Sierra Leone,8.460555,-11.779889,441
2020,Sierra Leone,8.460555,-11.779889,342
2021,Sierra Leone,8.460555,-11.779889,345
2010,Mauritania,21.00789,-10.940835,26709
2011,Mauritania,21.00789,-10.940835,26535
2012,Mauritania,21.00789,-10.940835,80500
2013,Mauritania,21.00789,-10.940835,92766
2014,Mauritania,21.00789,-10.940835,75628
2015,Mauritania,21.00789,-10.940835,77390
2016,Mauritania,21.00789,-10.940835,74146
2017,Mauritania,21.00789,-10.940835,77424
2018,Mauritania,21.00789,-10.940835,83178
2019,Mauritania,21.00789,-10.940835,84900
2020,Mauritania,21.00789,-10.940835,93607
2021,Mauritania,21.00789,-10.940835,101942
2010,Guinea,9.945587,-9.696645,14110
2011,Guinea,9.945587,-9.696645,16606
2012,Guinea,9.945587,-9.696645,10369
2013,Guinea,9.945587,-9.696645,8554
2014,Guinea,9.945587,-9.696645,8763
2015,Guinea,9.945587,-9.696645,8835
2016,Guinea,9.945587,-9.696645,5067
2017,Guinea,9.945587,-9.696645,5156
2018,Guinea,9.945587,-9.696645,4294
2019,Guinea,9.945587,-9.696645,4964
2020,Guinea,9.945587,-9.696645,6029
2021,Guinea,9.945587,-9.696645,5741
2010,Liberia,6.428055,-9.429499,24735
2011,Liberia,6.428055,-9.429499,128283
2012,Liberia,6.428055,-9.429499,65899
2013,Liberia,6.428055,-9.429499,53243
2014,Liberia,6.428055,-9.429499,38586
2015,Liberia,6.428055,-9.429499,36495
2016,Liberia,6.428055,-9.429499,18978
2017,Liberia,6.428055,-9.429499,11109
2018,Liberia,6.428055,-9.429499,9103
2019,Liberia,6.428055,-9.429499,8225
2020,Liberia,6.428055,-9.429499,8208
2021,Liberia,6.428055,-9.429499,8164
2010,Ireland,53.41291,-8.24389,9040
2011,Ireland,53.41291,-8.24389,8175
2012,Ireland,53.41291,-8.24389,6297
2013,Ireland,53.41291,-8.24389,5983
2014,Ireland,53.41291,-8.24389,5825
2015,Ireland,53.41291,-8.24389,6101
2016,Ireland,53.41291,-8.24389,5713
2017,Ireland,53.41291,-8.24389,6387
2018,Ireland,53.41291,-8.24389,6005
2019,Ireland,53.41291,-8.24389,7788
2020,Ireland,53.41291,-8.24389,9028
2021,Ireland,53.41291,-8.24389,9559
2010,Portugal,39.399872,-8.224454,344
2011,Portugal,39.399872,-8.224454,375
2012,Portugal,39.399872,-8.224454,449
2013,Portugal,39.399872,-8.224454,572
2014,Portugal,39.399872,-8.224454,680
2015,Portugal,39.399872,-8.224454,851
2016,Portugal,39.399872,-8.224454,1189
2017,Portugal,39.399872,-8.224454,1619
2018,Portugal,39.399872,-8.224454,2090
2019,Portugal,39.399872,-8.224454,2314
2020,Portugal,39.399872,-8.224454,2344
2021,Portugal,39.399872,-8.224454,2590
2010,Morocco,31.791702,-7.09262,798
2011,Morocco,31.791702,-7.09262,736
2012,Morocco,31.791702,-7.09262,745
2013,Morocco,31.791702,-7.09262,1458
2014,Morocco,31.791702,-7.09262,1205
2015,Morocco,31.791702,-7.09262,3899
2016,Morocco,31.791702,-7.09262,4762
2017,Morocco,31.791702,-7.09262,4703
2018,Morocco,31.791702,-7.09262,5773
2019,Morocco,31.791702,-7.09262,6350
2020,Morocco,31.791702,-7.09262,6480
2021,Morocco,31.791702,-7.09262,7244
2010,Ivory Coast,7.539989,-5.54708,26195
2011,Ivory Coast,7.539989,-5.54708,24212
2012,Ivory Coast,7.539989,-5.54708,3972
2013,Ivory Coast,7.539989,-5.54708,2970
2014,Ivory Coast,7.539989,-5.54708,1918
2015,Ivory Coast,7.539989,-5.54708,1972
2016,Ivory Coast,7.539989,-5.54708,1397
2017,Ivory Coast,7.539989,-5.54708,1559
2018,Ivory Coast,7.539989,-5.54708,1808
2019,Ivory Coast,7.539989,-5.54708,2020
2020,Ivory Coast,7.539989,-5.54708,2086
2021,Ivory Coast,7.539989,-5.54708,4349
2010,Mali,17.570692,-3.996166,13552
2011,Mali,17.570692,-3.996166,15618
2012,Mali,17.570692,-3.996166,13930
2013,Mali,17.570692,-3.996166,14317
2014,Mali,17.570692,-3.996166,15193
2015,Mali,17.570692,-3.996166,15913
2016,Mali,17.570692,-3.996166,17510
2017,Mali,17.570692,-3.996166,17036
2018,Mali,17.570692,-3.996166,26538
2019,Mali,17.570692,-3.996166,26672
2020,Mali,17.570692,-3.996166,47380
2021,Mali,17.570692,-3.996166,49975
2010,Spain,40.463667,-3.74922,3635
2011,Spain,40.463667,-3.74922,4047
2012,Spain,40.463667,-3.74922,4299
2013,Spain,40.463667,-3.74922,4447
2014,Spain,40.463667,-3.74922,5606
2015,Spain,40.463667,-3.74922,6266
2016,Spain,40.463667,-3.74922,12815
2017,Spain,40.463667,-3.74922,17444
2018,Spain,40.463667,-3.74922,20365
2019,Spain,40.463667,-3.74922,57708
2020,Spain,40.463667,-3.74922,103582
2021,Spain,40.463667,-3.74922,122497
2010,United Kingdom,55.378051,-3.435973,165902
2011,United Kingdom,55.378051,-3.435973,145565
2012,United Kingdom,55.378051,-3.435973,114811
2013,United Kingdom,55.378051,-3.435973,99572
2014,United Kingdom,55.378051,-3.435973,96095
2015,United Kingdom,55.378051,-3.435973,101890
2016,United Kingdom,55.378051,-3.435973,110332
2017,United Kingdom,55.378051,-3.435973,113484
2018,United Kingdom,55.378051,-3.435973,117987
2019,United Kingdom,55.378051,-3.435973,123893
2020,United Kingdom,55.378051,-3.435973,127628
2021,United Kingdom,55.378051,-3.435973,132123
2010,Burkina Faso,12.238333,-1.561593,530
2011,Burkina Faso,12.238333,-1.561593,549
2012,Burkina Faso,12.238333,-1.561593,39304
2013,Burkina Faso,12.238333,-1.561593,29233
2014,Burkina Faso,12.238333,-1.561593,31894
2015,Burkina Faso,12.238333,-1.561593,34017
2016,Burkina Faso,12.238333,-1.561593,32551
2017,Burkina Faso,12.238333,-1.561593,24152
2018,Burkina Faso,12.238333,-1.561593,25120
2019,Burkina Faso,12.238333,-1.561593,25869
2020,Burkina Faso,12.238333,-1.561593,20252
2021,Burkina Faso,12.238333,-1.561593,25005
2010,Ghana,7.946527,-1.023194,13828
2011,Ghana,7.946527,-1.023194,13588
2012,Ghana,7.946527,-1.023194,16012
2013,Ghana,7.946527,-1.023194,18681
2014,Ghana,7.946527,-1.023194,18448
2015,Ghana,7.946527,-1.023194,17404
2016,Ghana,7.946527,-1.023194,11861
2017,Ghana,7.946527,-1.023194,12147
2018,Ghana,7.946527,-1.023194,11890
2019,Ghana,7.946527,-1.023194,11940
2020,Ghana,7.946527,-1.023194,12399
2021,Ghana,7.946527,-1.023194,11887
2010,Togo,8.619543,0.824782,14051
2011,Togo,8.619543,0.824782,19271
2012,Togo,8.619543,0.824782,23539
2013,Togo,8.619543,0.824782,20613
2014,Togo,8.619543,0.824782,21773
2015,Togo,8.619543,0.824782,21949
2016,Togo,8.619543,0.824782,12486
2017,Togo,8.619543,0.824782,12425
2018,Togo,8.619543,0.824782,12335
2019,Togo,8.619543,0.824782,11964
2020,Togo,8.619543,0.824782,10798
2021,Togo,8.619543,0.824782,10683
2010,Algeria,28.033886,1.659626,94141
2011,Algeria,28.033886,1.659626,94145
2012,Algeria,28.033886,1.659626,94130
2013,Algeria,28.033886,1.659626,94142
2014,Algeria,28.033886,1.659626,94119
2015,Algeria,28.033886,1.659626,94176
2016,Algeria,28.033886,1.659626,94220
2017,Algeria,28.033886,1.659626,94248
2018,Algeria,28.033886,1.659626,94341
2019,Algeria,28.033886,1.659626,98599
2020,Algeria,28.033886,1.659626,97651
2021,Algeria,28.033886,1.659626,97890
2010,France,46.227638,2.213749,158457
2011,France,46.227638,2.213749,167548
2012,France,46.227638,2.213749,175576
2013,France,46.227638,2.213749,184811
2014,France,46.227638,2.213749,192248
2015,France,46.227638,2.213749,204669
2016,France,46.227638,2.213749,226858
2017,France,46.227638,2.213749,250750
2018,France,46.227638,2.213749,277039
2019,France,46.227638,2.213749,306764
2020,France,46.227638,2.213749,334984
2021,France,46.227638,2.213749,490963
2010,Benin,9.30769,2.315834,7136
2011,Benin,9.30769,2.315834,7213
2012,Benin,9.30769,2.315834,4960
2013,Benin,9.30769,2.315834,190
2014,Benin,9.30769,2.315834,414
2015,Benin,9.30769,2.315834,526
2016,Benin,9.30769,2.315834,804
2017,Benin,9.30769,2.315834,1056
2018,Benin,9.30769,2.315834,1167
2019,Benin,9.30769,2.315834,1238
2020,Benin,9.30769,2.315834,1396
2021,Benin,9.30769,2.315834,1736
2010,Belgium,50.503887,4.469936,13397
2011,Belgium,50.503887,4.469936,15336
2012,Belgium,50.503887,4.469936,16697
2013,Belgium,50.503887,4.469936,23166
2014,Belgium,50.503887,4.469936,26130
2015,Belgium,50.503887,4.469936,26957
2016,Belgium,50.503887,4.469936,34655
2017,Belgium,50.503887,4.469936,34655
2018,Belgium,50.503887,4.469936,34655
2019,Belgium,50.503887,4.469936,55313
2020,Belgium,50.503887,4.469936,57979
2021,Belgium,50.503887,4.469936,66754
2010,Netherlands,52.132633,5.291266,70893
2011,Netherlands,52.132633,5.291266,70194
2012,Netherlands,52.132633,5.291266,67606
2013,Netherlands,52.132633,5.291266,70387
2014,Netherlands,52.132633,5.291266,77065
2015,Netherlands,52.132633,5.291266,82192
2016,Netherlands,52.132633,5.291266,94006
2017,Netherlands,52.132633,5.291266,95570
2018,Netherlands,52.132633,5.291266,93206
2019,Netherlands,52.132633,5.291266,90728
2020,Netherlands,52.132633,5.291266,90552
2021,Netherlands,52.132633,5.291266,94233
2010,Luxembourg,49.815273,6.129583,0
2013,Luxembourg,49.815273,6.129583,896
2014,Luxembourg,49.815273,6.129583,1086
2015,Luxembourg,49.815273,6.129583,1290
2016,Luxembourg,49.815273,6.129583,1974
2017,Luxembourg,49.815273,6.129583,1974
2018,Luxembourg,49.815273,6.129583,1974
2019,Luxembourg,49.815273,6.129583,2483
2020,Luxembourg,49.815273,6.129583,5047
2021,Luxembourg,49.815273,6.129583,5890
2021,Monaco,43.750298,7.412841,17
2010,Niger,17.607789,8.081666,315
2011,Niger,17.607789,8.081666,301
2012,Niger,17.607789,8.081666,50509
2013,Niger,17.607789,8.081666,57657
2014,Niger,17.607789,8.081666,77826
2015,Niger,17.607789,8.081666,124717
2016,Niger,17.607789,8.081666,166089
2017,Niger,17.607789,8.081666,165729
2018,Niger,17.607789,8.081666,175408
2019,Niger,17.607789,8.081666,179997
2020,Niger,17.607789,8.081666,233285
2021,Niger,17.607789,8.081666,249936
2010,Switzerland,46.818188,8.227512,48279
2011,Switzerland,46.818188,8.227512,49812
2012,Switzerland,46.818188,8.227512,50152
2013,Switzerland,46.818188,8.227512,51681
2014,Switzerland,46.818188,8.227512,62021
2015,Switzerland,46.818188,8.227512,71748
2016,Switzerland,46.818188,8.227512,80836
2017,Switzerland,46.818188,8.227512,90977
2018,Switzerland,46.818188,8.227512,101779
2019,Switzerland,46.818188,8.227512,107834
2020,Switzerland,46.818188,8.227512,113409
2021,Switzerland,46.818188,8.227512,116456
2010,Norway,60.472024,8.468946,38224
2011,Norway,60.472024,8.468946,38553
2012,Norway,60.472024,8.468946,40630
2013,Norway,60.472024,8.468946,43673
2014,Norway,60.472024,8.468946,44307
2015,Norway,60.472024,8.468946,47316
2016,Norway,60.472024,8.468946,55985
2017,Norway,60.472024,8.468946,55804
2018,Norway,60.472024,8.468946,53989
2019,Norway,60.472024,8.468946,51242
2020,Norway,60.472024,8.468946,47157
2021,Norway,60.472024,8.468946,43667
2010,Nigeria,9.081999,8.675277,8744
2011,Nigeria,9.081999,8.675277,8803
2012,Nigeria,9.081999,8.675277,3151
2013,Nigeria,9.081999,8.675277,1688
2014,Nigeria,9.081999,8.675277,1237
2015,Nigeria,9.081999,8.675277,1387
2016,Nigeria,9.081999,8.675277,1357
2017,Nigeria,9.081999,8.675277,1910
2018,Nigeria,9.081999,8.675277,34727
2019,Nigeria,9.081999,8.675277,54157
2020,Nigeria,9.081999,8.675277,66056
2021,Nigeria,9.081999,8.675277,77132
2010,Denmark,56.26392,9.501785,17706
2011,Denmark,56.26392,9.501785,12781
2012,Denmark,56.26392,9.501785,11156
2013,Denmark,56.26392,9.501785,12243
2014,Denmark,56.26392,9.501785,16313
2015,Denmark,56.26392,9.501785,24969
2016,Denmark,56.26392,9.501785,30975
2017,Denmark,56.26392,9.501785,32962
2018,Denmark,56.26392,9.501785,33899
2019,Denmark,56.26392,9.501785,34607
2020,Denmark,56.26392,9.501785,33688
2021,Denmark,56.26392,9.501785,33100
2010,Tunisia,33.886917,9.537499,86
2011,Tunisia,33.886917,9.537499,4085
2012,Tunisia,33.886917,9.537499,1433
2013,Tunisia,33.886917,9.537499,727
2014,Tunisia,33.886917,9.537499,895
2015,Tunisia,33.886917,9.537499,659
2016,Tunisia,33.886917,9.537499,646
2017,Tunisia,33.886917,9.537499,726
2018,Tunisia,33.886917,9.537499,1061
2019,Tunisia,33.886917,9.537499,1732
2020,Tunisia,33.886917,9.537499,2575
2021,Tunisia,33.886917,9.537499,3181
2010,Liechtenstein,47.166,9.555373,78
2011,Liechtenstein,47.166,9.555373,88
2012,Liechtenstein,47.166,9.555373,103
2013,Liechtenstein,47.166,9.555373,96
2014,Liechtenstein,47.166,9.555373,102
2015,Liechtenstein,47.166,9.555373,146
2016,Liechtenstein,47.166,9.555373,161
2017,Liechtenstein,47.166,9.555373,164
2018,Liechtenstein,47.166,9.555373,166
2019,Liechtenstein,47.166,9.555373,125
2020,Liechtenstein,47.166,9.555373,129
2021,Liechtenstein,47.166,9.555373,133
2010,Germany,51.165691,10.451526,574715
2011,Germany,51.165691,10.451526,553728
2012,Germany,51.165691,10.451526,571032
2013,Germany,51.165691,10.451526,182095
2014,Germany,51.165691,10.451526,210860
2015,Germany,51.165691,10.451526,304055
2016,Germany,51.165691,10.451526,642058
2017,Germany,51.165691,10.451526,933446
2018,Germany,51.165691,10.451526,1023306
2019,Germany,51.165691,10.451526,1102186
2020,Germany,51.165691,10.451526,1164549
2021,Germany,51.165691,10.451526,1205842
2010,Gabon,-0.803689,11.609444,9014
2011,Gabon,-0.803689,11.609444,1769
2012,Gabon,-0.803689,11.609444,1661
2013,Gabon,-0.803689,11.609444,1592
2014,Gabon,-0.803689,11.609444,1007
2015,Gabon,-0.803689,11.609444,934
2016,Gabon,-0.803689,11.609444,926
2017,Gabon,-0.803689,11.609444,840
2018,Gabon,-0.803689,11.609444,686
2019,Gabon,-0.803689,11.609444,449
2020,Gabon,-0.803689,11.609444,462
2021,Gabon,-0.803689,11.609444,272
2010,Cameroon,7.369722,12.354722,104269
2011,Cameroon,7.369722,12.354722,100368
2012,Cameroon,7.369722,12.354722,98961
2013,Cameroon,7.369722,12.354722,114739
2014,Cameroon,7.369722,12.354722,264113
2015,Cameroon,7.369722,12.354722,342953
2016,Cameroon,7.369722,12.354722,375403
2017,Cameroon,7.369722,12.354722,337370
2018,Cameroon,7.369722,12.354722,380314
2019,Cameroon,7.369722,12.354722,406246
2020,Cameroon,7.369722,12.354722,436383
2021,Cameroon,7.369722,12.354722,457269
2010,Italy,41.87194,12.56738,53335
2011,Italy,41.87194,12.56738,55097
2012,Italy,41.87194,12.56738,61825
2013,Italy,41.87194,12.56738,75317
2014,Italy,41.87194,12.56738,92652
2015,Italy,41.87194,12.56738,116744
2016,Italy,41.87194,12.56738,146034
2017,Italy,41.87194,12.56738,165897
2018,Italy,41.87194,12.56738,187646
2019,Italy,41.87194,12.56738,205815
2020,Italy,41.87194,12.56738,125742
2021,Italy,41.87194,12.56738,142336
2010,Malta,35.937496,14.375416,5534
2011,Malta,35.937496,14.375416,6335
2012,Malta,35.937496,14.375416,7629
2013,Malta,35.937496,14.375416,9285
2014,Malta,35.937496,14.375416,5458
2015,Malta,35.937496,14.375416,6431
2016,Malta,35.937496,14.375416,7299
2017,Malta,35.937496,14.375416,7346
2018,Malta,35.937496,14.375416,7931
2019,Malta,35.937496,14.375416,8260
2020,Malta,35.937496,14.375416,8520
2021,Malta,35.937496,14.375416,8687
2010,Austria,47.516231,14.550072,41857
2011,Austria,47.516231,14.550072,46205
2012,Austria,47.516231,14.550072,50760
2013,Austria,47.516231,14.550072,54591
2014,Austria,47.516231,14.550072,59303
2015,Austria,47.516231,14.550072,69558
2016,Austria,47.516231,14.550072,88906
2017,Austria,47.516231,14.550072,109613
2018,Austria,47.516231,14.550072,122524
2019,Austria,47.516231,14.550072,129405
2020,Austria,47.516231,14.550072,135107
2021,Austria,47.516231,14.550072,145479
2010,Slovenia,46.151241,14.995463,315
2011,Slovenia,46.151241,14.995463,134
2012,Slovenia,46.151241,14.995463,169
2013,Slovenia,46.151241,14.995463,202
2014,Slovenia,46.151241,14.995463,251
2015,Slovenia,46.151241,14.995463,284
2016,Slovenia,46.151241,14.995463,454
2017,Slovenia,46.151241,14.995463,611
2018,Slovenia,46.151241,14.995463,746
2019,Slovenia,46.151241,14.995463,741
2020,Slovenia,46.151241,14.995463,823
2021,Slovenia,46.151241,14.995463,839
2010,Croatia,45.1,15.2,933
2011,Croatia,45.1,15.2,818
2012,Croatia,45.1,15.2,722
2013,Croatia,45.1,15.2,679
2014,Croatia,45.1,15.2,724
2015,Croatia,45.1,15.2,517
2016,Croatia,45.1,15.2,300
2017,Croatia,45.1,15.2,508
2018,Croatia,45.1,15.2,782
2019,Croatia,45.1,15.2,911
2020,Croatia,45.1,15.2,944
2021,Croatia,45.1,15.2,1009
2010,Czech Republic,49.817492,15.472962,2336
2011,Czech Republic,49.817492,15.472962,2336
2012,Czech Republic,49.817492,15.472962,2622
2013,Czech Republic,49.817492,15.472962,2822
2014,Czech Republic,49.817492,15.472962,2898
2015,Czech Republic,49.817492,15.472962,3330
2016,Czech Republic,49.817492,15.472962,3330
2017,Czech Republic,49.817492,15.472962,3330
2018,Czech Republic,49.817492,15.472962,2088
2019,Czech Republic,49.817492,15.472962,1958
2020,Czech Republic,49.817492,15.472962,1831
2021,Czech Republic,49.817492,15.472962,1834
2010,Democratic Republic of the Congo,-0.228021,15.827659,133099
2011,Democratic Republic of the Congo,-0.228021,15.827659,141224
2012,Democratic Republic of the Congo,-0.228021,15.827659,98446
2013,Democratic Republic of the Congo,-0.228021,15.827659,51033
2014,Democratic Republic of the Congo,-0.228021,15.827659,54842
2015,Democratic Republic of the Congo,-0.228021,15.827659,44952
2016,Democratic Republic of the Congo,-0.228021,15.827659,46454
2017,Democratic Republic of the Congo,-0.228021,15.827659,48509
2018,Democratic Republic of the Congo,-0.228021,15.827659,37491
2019,Democratic Republic of the Congo,-0.228021,15.827659,25668
2020,Democratic Republic of the Congo,-0.228021,15.827659,27097
2021,Democratic Republic of the Congo,-0.228021,15.827659,40765
2010,Libya,26.3351,17.228331,7922
2011,Libya,26.3351,17.228331,9979
2012,Libya,26.3351,17.228331,7065
2013,Libya,26.3351,17.228331,25561
2014,Libya,26.3351,17.228331,27964
2015,Libya,26.3351,17.228331,9305
2016,Libya,26.3351,17.228331,9311
2017,Libya,26.3351,17.228331,9352
2018,Libya,26.3351,17.228331,8792
2019,Libya,26.3351,17.228331,4725
2020,Libya,26.3351,17.228331,4143
2021,Libya,26.3351,17.228331,3133
2010,Bosnia and Herzegovina,43.915886,17.679076,7014
2011,Bosnia and Herzegovina,43.915886,17.679076,6932
2012,Bosnia and Herzegovina,43.915886,17.679076,6904
2013,Bosnia and Herzegovina,43.915886,17.679076,6924
2014,Bosnia and Herzegovina,43.915886,17.679076,6883
2015,Bosnia and Herzegovina,43.915886,17.679076,6789
2016,Bosnia and Herzegovina,43.915886,17.679076,5266
2017,Bosnia and Herzegovina,43.915886,17.679076,5224
2018,Bosnia and Herzegovina,43.915886,17.679076,5227
2019,Bosnia and Herzegovina,43.915886,17.679076,5241
2020,Bosnia and Herzegovina,43.915886,17.679076,5232
2021,Bosnia and Herzegovina,43.915886,17.679076,240
2010,Angola,-11.202692,17.873887,15142
2011,Angola,-11.202692,17.873887,16212
2012,Angola,-11.202692,17.873887,23401
2013,Angola,-11.202692,17.873887,23771
2014,Angola,-11.202692,17.873887,15468
2015,Angola,-11.202692,17.873887,15547
2016,Angola,-11.202692,17.873887,15547
2017,Angola,-11.202692,17.873887,41119
2018,Angola,-11.202692,17.873887,39856
2019,Angola,-11.202692,17.873887,25793
2020,Angola,-11.202692,17.873887,25791
2021,Angola,-11.202692,17.873887,26045
2010,Namibia,-22.95764,18.49041,7249
2011,Namibia,-22.95764,18.49041,6050
2012,Namibia,-22.95764,18.49041,1808
2013,Namibia,-22.95764,18.49041,2330
2014,Namibia,-22.95764,18.49041,1765
2015,Namibia,-22.95764,18.49041,1730
2016,Namibia,-22.95764,18.49041,1747
2017,Namibia,-22.95764,18.49041,2182
2018,Namibia,-22.95764,18.49041,2394
2019,Namibia,-22.95764,18.49041,3182
2020,Namibia,-22.95764,18.49041,3578
2021,Namibia,-22.95764,18.49041,3733
2010,Sweden,60.128161,18.643501,78096
2011,Sweden,60.128161,18.643501,81590
2012,Sweden,60.128161,18.643501,87171
2013,Sweden,60.128161,18.643501,104754
2014,Sweden,60.128161,18.643501,128855
2015,Sweden,60.128161,18.643501,153202
2016,Sweden,60.128161,18.643501,208408
2017,Sweden,60.128161,18.643501,218255
2018,Sweden,60.128161,18.643501,225436
2019,Sweden,60.128161,18.643501,230746
2020,Sweden,60.128161,18.643501,225521
2021,Sweden,60.128161,18.643501,218492
2010,Chad,15.454166,18.732207,347931
2011,Chad,15.454166,18.732207,366491
2012,Chad,15.454166,18.732207,373690
2013,Chad,15.454166,18.732207,434476
2014,Chad,15.454166,18.732207,452897
2015,Chad,15.454166,18.732207,369533
2016,Chad,15.454166,18.732207,391235
2017,Chad,15.454166,18.732207,411467
2018,Chad,15.454166,18.732207,451195
2019,Chad,15.454166,18.732207,442661
2020,Chad,15.454166,18.732207,478640
2021,Chad,15.454166,18.732207,555771
2010,Poland,51.919438,19.145136,15517
2011,Poland,51.919438,19.145136,15814
2012,Poland,51.919438,19.145136,15876
2013,Poland,51.919438,19.145136,16383
2014,Poland,51.919438,19.145136,15670
2015,Poland,51.919438,19.145136,13978
2016,Poland,51.919438,19.145136,11656
2017,Poland,51.919438,19.145136,12138
2018,Poland,51.919438,19.145136,12397
2019,Poland,51.919438,19.145136,12559
2020,Poland,51.919438,19.145136,2720
2021,Poland,51.919438,19.145136,4821
2010,Montenegro,42.708678,19.37439,16363
2011,Montenegro,42.708678,19.37439,12871
2012,Montenegro,42.708678,19.37439,11193
2013,Montenegro,42.708678,19.37439,8471
2014,Montenegro,42.708678,19.37439,6455
2015,Montenegro,42.708678,19.37439,1762
2016,Montenegro,42.708678,19.37439,970
2017,Montenegro,42.708678,19.37439,794
2018,Montenegro,42.708678,19.37439,727
2019,Montenegro,42.708678,19.37439,653
2020,Montenegro,42.708678,19.37439,166
2021,Montenegro,42.708678,19.37439,175
2010,Hungary,47.162494,19.503304,5192
2011,Hungary,47.162494,19.503304,4859
2012,Hungary,47.162494,19.503304,3783
2013,Hungary,47.162494,19.503304,2249
2014,Hungary,47.162494,19.503304,2638
2015,Hungary,47.162494,19.503304,3440
2016,Hungary,47.162494,19.503304,3763
2017,Hungary,47.162494,19.503304,4670
2018,Hungary,47.162494,19.503304,5001
2019,Hungary,47.162494,19.503304,4762
2020,Hungary,47.162494,19.503304,4828
2021,Hungary,47.162494,19.503304,4678
2010,Slovakia,48.669026,19.699024,442
2011,Slovakia,48.669026,19.699024,526
2012,Slovakia,48.669026,19.699024,642
2013,Slovakia,48.669026,19.699024,683
2014,Slovakia,48.669026,19.699024,784
2015,Slovakia,48.669026,19.699024,809
2016,Slovakia,48.669026,19.699024,973
2017,Slovakia,48.669026,19.699024,903
2018,Slovakia,48.669026,19.699024,929
2019,Slovakia,48.669026,19.699024,956
2020,Slovakia,48.669026,19.699024,997
2021,Slovakia,48.669026,19.699024,1037
2010,Albania,41.153332,20.168331,75
2011,Albania,41.153332,20.168331,79
2012,Albania,41.153332,20.168331,84
2013,Albania,41.153332,20.168331,96
2014,Albania,41.153332,20.168331,111
2015,Albania,41.153332,20.168331,109
2016,Albania,41.153332,20.168331,141
2017,Albania,41.153332,20.168331,124
2018,Albania,41.153332,20.168331,132
2019,Albania,41.153332,20.168331,120
2020,Albania,41.153332,20.168331,105
2021,Albania,41.153332,20.168331,109
2010,Central African Republic,6.611111,20.939444,21568
2011,Central African Republic,6.611111,20.939444,16737
2012,Central African Republic,6.611111,20.939444,14015
2013,Central African Republic,6.611111,20.939444,14323
2014,Central African Republic,6.611111,20.939444,7692
2015,Central African Republic,6.611111,20.939444,7292
2016,Central African Republic,6.611111,20.939444,7205
2017,Central African Republic,6.611111,20.939444,7984
2018,Central African Republic,6.611111,20.939444,4079
2019,Central African Republic,6.611111,20.939444,4935
2020,Central African Republic,6.611111,20.939444,7281
2021,Central African Republic,6.611111,20.939444,7411
2010,Serbia,44.016521,21.005859,73604
2011,Serbia,44.016521,21.005859,70702
2012,Serbia,44.016521,21.005859,66367
2013,Serbia,44.016521,21.005859,57079
2014,Serbia,44.016521,21.005859,43749
2015,Serbia,44.016521,21.005859,35326
2016,Serbia,44.016521,21.005859,35367
2017,Serbia,44.016521,21.005859,31019
2018,Serbia,44.016521,21.005859,30696
2019,Serbia,44.016521,21.005859,26427
2020,Serbia,44.016521,21.005859,26085
2021,Serbia,44.016521,21.005859,25644
2010,North Macedonia,41.608635,21.745275,1397
2011,North Macedonia,41.608635,21.745275,1129
2012,North Macedonia,41.608635,21.745275,1076
2013,North Macedonia,41.608635,21.745275,980
2014,North Macedonia,41.608635,21.745275,880
2015,North Macedonia,41.608635,21.745275,697
2016,North Macedonia,41.608635,21.745275,634
2017,North Macedonia,41.608635,21.745275,414
2018,North Macedonia,41.608635,21.745275,413
2019,North Macedonia,41.608635,21.745275,354
2020,North Macedonia,41.608635,21.745275,303
2021,North Macedonia,41.608635,21.745275,292
2010,Republic of the Congo,-4.038333,21.758664,166333
2011,Republic of the Congo,-4.038333,21.758664,152748
2012,Republic of the Congo,-4.038333,21.758664,65106
2013,Republic of the Congo,-4.038333,21.758664,113357
2014,Republic of the Congo,-4.038333,21.758664,117962
2015,Republic of the Congo,-4.038333,21.758664,377498
2016,Republic of the Congo,-4.038333,21.758664,385285
2017,Republic of the Congo,-4.038333,21.758664,448119
2018,Republic of the Congo,-4.038333,21.758664,433361
2019,Republic of the Congo,-4.038333,21.758664,435016
2020,Republic of the Congo,-4.038333,21.758664,435488
2021,Republic of the Congo,-4.038333,21.758664,467807
2010,Greece,39.074208,21.824312,1344
2011,Greece,39.074208,21.824312,1454
2012,Greece,39.074208,21.824312,1974
2013,Greece,39.074208,21.824312,3336
2014,Greece,39.074208,21.824312,10143
2015,Greece,39.074208,21.824312,23115
2016,Greece,39.074208,21.824312,39131
2017,Greece,39.074208,21.824312,30442
2018,Greece,39.074208,21.824312,52757
2019,Greece,39.074208,21.824312,68812
2020,Greece,39.074208,21.824312,91292
2021,Greece,39.074208,21.824312,107765
2010,South Africa,-30.559482,22.937506,46072
2011,South Africa,-30.559482,22.937506,46072
2012,South Africa,-30.559482,22.937506,51722
2013,South Africa,-30.559482,22.937506,52473
2014,South Africa,-30.559482,22.937506,112176
2015,South Africa,-30.559482,22.937506,121607
2016,South Africa,-30.559482,22.937506,91018
2017,South Africa,-30.559482,22.937506,88457
2018,South Africa,-30.559482,22.937506,89048
2019,South Africa,-30.559482,22.937506,78395
2020,South Africa,-30.559482,22.937506,76724
2021,South Africa,-30.559482,22.937506,75512
2010,Lithuania,55.169438,23.881275,802
2011,Lithuania,55.169438,23.881275,818
2012,Lithuania,55.169438,23.881275,864
2013,Lithuania,55.169438,23.881275,911
2014,Lithuania,55.169438,23.881275,999
2015,Lithuania,55.169438,23.881275,1085
2016,Lithuania,55.169438,23.881275,1261
2017,Lithuania,55.169438,23.881275,1542
2018,Lithuania,55.169438,23.881275,1696
2019,Lithuania,55.169438,23.881275,1786
2020,Lithuania,55.169438,23.881275,1843
2021,Lithuania,55.169438,23.881275,1843
2010,Latvia,56.879635,24.603189,60
2011,Latvia,56.879635,24.603189,88
2012,Latvia,56.879635,24.603189,113
2013,Latvia,56.879635,24.603189,149
2014,Latvia,56.879635,24.603189,168
2015,Latvia,56.879635,24.603189,193
2016,Latvia,56.879635,24.603189,340
2017,Latvia,56.879635,24.603189,653
2018,Latvia,56.879635,24.603189,664
2019,Latvia,56.879635,24.603189,665
2020,Latvia,56.879635,24.603189,637
2021,Latvia,56.879635,24.603189,705
2010,Botswana,-22.328474,24.684866,2983
2011,Botswana,-22.328474,24.684866,3312
2012,Botswana,-22.328474,24.684866,2784
2013,Botswana,-22.328474,24.684866,2771
2014,Botswana,-22.328474,24.684866,2642
2015,Botswana,-22.328474,24.684866,2127
2016,Botswana,-22.328474,24.684866,2090
2017,Botswana,-22.328474,24.684866,2116
2018,Botswana,-22.328474,24.684866,2044
2019,Botswana,-22.328474,24.684866,1113
2020,Botswana,-22.328474,24.684866,617
2021,Botswana,-22.328474,24.684866,683
2010,Romania,45.943161,24.96676,1014
2011,Romania,45.943161,24.96676,998
2012,Romania,45.943161,24.96676,1255
2013,Romania,45.943161,24.96676,1695
2014,Romania,45.943161,24.96676,2116
2015,Romania,45.943161,24.96676,2518
2016,Romania,45.943161,24.96676,2795
2017,Romania,45.943161,24.96676,3798
2018,Romania,45.943161,24.96676,4012
2019,Romania,45.943161,24.96676,3771
2020,Romania,45.943161,24.96676,3489
2021,Romania,45.943161,24.96676,4073
2010,Estonia,58.595272,25.013607,31
2011,Estonia,58.595272,25.013607,34
2012,Estonia,58.595272,25.013607,48
2013,Estonia,58.595272,25.013607,52
2014,Estonia,58.595272,25.013607,82
2015,Estonia,58.595272,25.013607,158
2016,Estonia,58.595272,25.013607,312
2017,Estonia,58.595272,25.013607,405
2018,Estonia,58.595272,25.013607,319
2019,Estonia,58.595272,25.013607,331
2020,Estonia,58.595272,25.013607,277
2021,Estonia,58.595272,25.013607,321
2010,Bulgaria,42.733883,25.48583,5287
2011,Bulgaria,42.733883,25.48583,5439
2012,Bulgaria,42.733883,25.48583,2190
2013,Bulgaria,42.733883,25.48583,3901
2014,Bulgaria,42.733883,25.48583,10205
2015,Bulgaria,42.733883,25.48583,15630
2016,Bulgaria,42.733883,25.48583,16860
2017,Bulgaria,42.733883,25.48583,18207
2018,Bulgaria,42.733883,25.48583,18928
2019,Bulgaria,42.733883,25.48583,19439
2020,Bulgaria,42.733883,25.48583,20112
2021,Bulgaria,42.733883,25.48583,21827
2010,Finland,61.92411,25.748151,8567
2011,Finland,61.92411,25.748151,9002
2012,Finland,61.92411,25.748151,9705
2013,Finland,61.92411,25.748151,11012
2014,Finland,61.92411,25.748151,11514
2015,Finland,61.92411,25.748151,12394
2016,Finland,61.92411,25.748151,17956
2017,Finland,61.92411,25.748151,20232
2018,Finland,61.92411,25.748151,21706
2019,Finland,61.92411,25.748151,22877
2020,Finland,61.92411,25.748151,22860
2021,Finland,61.92411,25.748151,23511
2010,Zambia,-13.133897,27.849332,47782
2011,Zambia,-13.133897,27.849332,45627
2012,Zambia,-13.133897,27.849332,25647
2013,Zambia,-13.133897,27.849332,23584
2014,Zambia,-13.133897,27.849332,25566
2015,Zambia,-13.133897,27.849332,26434
2016,Zambia,-13.133897,27.849332,29338
2017,Zambia,-13.133897,27.849332,41195
2018,Zambia,-13.133897,27.849332,49806
2019,Zambia,-13.133897,27.849332,57447
2020,Zambia,-13.133897,27.849332,65994
2021,Zambia,-13.133897,27.849332,75078
2010,Belarus,53.709807,27.953389,587
2011,Belarus,53.709807,27.953389,594
2012,Belarus,53.709807,27.953389,572
2013,Belarus,53.709807,27.953389,599
2014,Belarus,53.709807,27.953389,919
2015,Belarus,53.709807,27.953389,1805
2016,Belarus,53.709807,27.953389,1647
2017,Belarus,53.709807,27.953389,2155
2018,Belarus,53.709807,27.953389,2225
2019,Belarus,53.709807,27.953389,2725
2020,Belarus,53.709807,27.953389,2900
2021,Belarus,53.709807,27.953389,2729
2011,Lesotho,-29.609988,28.233608,38
2012,Lesotho,-29.609988,28.233608,33
2013,Lesotho,-29.609988,28.233608,29
2014,Lesotho,-29.609988,28.233608,43
2015,Lesotho,-29.609988,28.233608,31
2016,Lesotho,-29.609988,28.233608,46
2017,Lesotho,-29.609988,28.233608,55
2018,Lesotho,-29.609988,28.233608,56
2019,Lesotho,-29.609988,28.233608,143
2020,Lesotho,-29.609988,28.233608,271
2021,Lesotho,-29.609988,28.233608,296
2010,Moldova,47.411631,28.369885,132
2011,Moldova,47.411631,28.369885,131
2012,Moldova,47.411631,28.369885,176
2013,Moldova,47.411631,28.369885,237
2014,Moldova,47.411631,28.369885,323
2015,Moldova,47.411631,28.369885,434
2016,Moldova,47.411631,28.369885,419
2017,Moldova,47.411631,28.369885,391
2018,Moldova,47.411631,28.369885,409
2019,Moldova,47.411631,28.369885,417
2020,Moldova,47.411631,28.369885,405
2021,Moldova,47.411631,28.369885,349
2010,Zimbabwe,-19.015438,29.154857,4432
2011,Zimbabwe,-19.015438,29.154857,4559
2012,Zimbabwe,-19.015438,29.154857,4354
2013,Zimbabwe,-19.015438,29.154857,6387
2014,Zimbabwe,-19.015438,29.154857,6076
2015,Zimbabwe,-19.015438,29.154857,6943
2016,Zimbabwe,-19.015438,29.154857,7423
2017,Zimbabwe,-19.015438,29.154857,7566
2018,Zimbabwe,-19.015438,29.154857,7787
2019,Zimbabwe,-19.015438,29.154857,8948
2020,Zimbabwe,-19.015438,29.154857,9253
2021,Zimbabwe,-19.015438,29.154857,9475
2010,Rwanda,-1.940278,29.873888,55398
2011,Rwanda,-1.940278,29.873888,55325
2012,Rwanda,-1.940278,29.873888,58217
2013,Rwanda,-1.940278,29.873888,73352
2014,Rwanda,-1.940278,29.873888,73822
2015,Rwanda,-1.940278,29.873888,144739
2016,Rwanda,-1.940278,29.873888,156065
2017,Rwanda,-1.940278,29.873888,170991
2018,Rwanda,-1.940278,29.873888,145352
2019,Rwanda,-1.940278,29.873888,145049
2020,Rwanda,-1.940278,29.873888,139485
2021,Rwanda,-1.940278,29.873888,121889
2010,Burundi,-3.373056,29.918886,29364
2011,Burundi,-3.373056,29.918886,35658
2012,Burundi,-3.373056,29.918886,41811
2013,Burundi,-3.373056,29.918886,45487
2014,Burundi,-3.373056,29.918886,52931
2015,Burundi,-3.373056,29.918886,53356
2016,Burundi,-3.373056,29.918886,57462
2017,Burundi,-3.373056,29.918886,62353
2018,Burundi,-3.373056,29.918886,71501
2019,Burundi,-3.373056,29.918886,78465
2020,Burundi,-3.373056,29.918886,75453
2021,Burundi,-3.373056,29.918886,81491
2010,Sudan,12.862807,30.217636,178181
2011,Sudan,12.862807,30.217636,139289
2012,Sudan,12.862807,30.217636,152072
2013,Sudan,12.862807,30.217636,159732
2014,Sudan,12.862807,30.217636,162251
2015,Sudan,12.862807,30.217636,115228
2016,Sudan,12.862807,30.217636,124283
2017,Sudan,12.862807,30.217636,133867
2018,Sudan,12.862807,30.217636,226180
2019,Sudan,12.862807,30.217636,244216
2020,Sudan,12.862807,30.217636,303548
2021,Sudan,12.862807,30.217636,300284
2010,Egypt,26.820553,30.802498,95044
2011,Egypt,26.820553,30.802498,95078
2012,Egypt,26.820553,30.802498,109745
2013,Egypt,26.820553,30.802498,229771
2014,Egypt,26.820553,30.802498,235543
2015,Egypt,26.820553,30.802498,210806
2016,Egypt,26.820553,30.802498,210978
2017,Egypt,26.820553,30.802498,227395
2018,Egypt,26.820553,30.802498,239004
2019,Egypt,26.820553,30.802498,243554
2020,Egypt,26.820553,30.802498,254642
2021,Egypt,26.820553,30.802498,262013
2010,Ukraine,48.379433,31.16558,2998
2011,Ukraine,48.379433,31.16558,3150
2012,Ukraine,48.379433,31.16558,2767
2013,Ukraine,48.379433,31.16558,2922
2014,Ukraine,48.379433,31.16558,3159
2015,Ukraine,48.379433,31.16558,3208
2016,Ukraine,48.379433,31.16558,3241
2017,Ukraine,48.379433,31.16558,3190
2018,Ukraine,48.379433,31.16558,2559
2019,Ukraine,48.379433,31.16558,2121
2020,Ukraine,48.379433,31.16558,2202
2021,Ukraine,48.379433,31.16558,2335
2010,Swaziland,-26.522503,31.465866,757
2011,Swaziland,-26.522503,31.465866,757
2012,Swaziland,-26.522503,31.465866,499
2013,Swaziland,-26.522503,31.465866,501
2014,Swaziland,-26.522503,31.465866,511
2015,Swaziland,-26.522503,31.465866,694
2016,Swaziland,-26.522503,31.465866,725
2017,Swaziland,-26.522503,31.465866,790
2018,Swaziland,-26.522503,31.465866,874
2019,Swaziland,-26.522503,31.465866,940
2020,Swaziland,-26.522503,31.465866,945
2021,Swaziland,-26.522503,31.465866,895
2010,Uganda,1.373333,32.290275,135799
2011,Uganda,1.373333,32.290275,139442
2012,Uganda,1.373333,32.290275,186737
2013,Uganda,1.373333,32.290275,198038
2014,Uganda,1.373333,32.290275,228450
2015,Uganda,1.373333,32.290275,277828
2016,Uganda,1.373333,32.290275,301818
2017,Uganda,1.373333,32.290275,313083
2018,Uganda,1.373333,32.290275,376798
2019,Uganda,1.373333,32.290275,498006
2020,Uganda,1.373333,32.290275,533681
2021,Uganda,1.373333,32.290275,570976
2010,Cyprus,35.126413,33.429859,3397
2011,Cyprus,35.126413,33.429859,3498
2012,Cyprus,35.126413,33.429859,3627
2013,Cyprus,35.126413,33.429859,3879
2014,Cyprus,35.126413,33.429859,5120
2015,Cyprus,35.126413,33.429859,7006
2016,Cyprus,35.126413,33.429859,8422
2017,Cyprus,35.126413,33.429859,9734
2018,Cyprus,35.126413,33.429859,10946
2019,Cyprus,35.126413,33.429859,12255
2020,Cyprus,35.126413,33.429859,13941
2021,Cyprus,35.126413,33.429859,16211
2010,Malawi,-13.254308,34.301525,5738
2011,Malawi,-13.254308,34.301525,6306
2012,Malawi,-13.254308,34.301525,6546
2013,Malawi,-13.254308,34.301525,5794
2014,Malawi,-13.254308,34.301525,5871
2015,Malawi,-13.254308,34.301525,9018
2016,Malawi,-13.254308,34.301525,9386
2017,Malawi,-13.254308,34.301525,8977
2018,Malawi,-13.254308,34.301525,13778
2019,Malawi,-13.254308,34.301525,14082
2020,Malawi,-13.254308,34.301525,14887
2021,Malawi,-13.254308,34.301525,21524
2010,Israel,31.046051,34.851612,25462
2011,Israel,31.046051,34.851612,41221
2012,Israel,31.046051,34.851612,48390
2013,Israel,31.046051,34.851612,48076
2014,Israel,31.046051,34.851612,39585
2015,Israel,31.046051,34.851612,32795
2016,Israel,31.046051,34.851612,30395
2017,Israel,31.046051,34.851612,25531
2018,Israel,31.046051,34.851612,18222
2019,Israel,31.046051,34.851612,15793
2020,Israel,31.046051,34.851612,1565
2021,Israel,31.046051,34.851612,910
2010,Tanzania,-6.369028,34.888822,109024
2011,Tanzania,-6.369028,34.888822,130992
2012,Tanzania,-6.369028,34.888822,100778
2013,Tanzania,-6.369028,34.888822,101888
2014,Tanzania,-6.369028,34.888822,88344
2015,Tanzania,-6.369028,34.888822,211708
2016,Tanzania,-6.369028,34.888822,281324
2017,Tanzania,-6.369028,34.888822,308283
2018,Tanzania,-6.369028,34.888822,278065
2019,Tanzania,-6.369028,34.888822,242161
2020,Tanzania,-6.369028,34.888822,234635
2021,Tanzania,-6.369028,34.888822,207095
2010,Turkey,38.963745,35.243322,10019
2011,Turkey,38.963745,35.243322,14437
2012,Turkey,38.963745,35.243322,267045
2013,Turkey,38.963745,35.243322,609916
2014,Turkey,38.963745,35.243322,1587304
2015,Turkey,38.963745,35.243322,2541249
2016,Turkey,38.963745,35.243322,2869333
2017,Turkey,38.963745,35.243322,3480139
2018,Turkey,38.963745,35.243322,3681475
2019,Turkey,38.963745,35.243322,3579389
2020,Turkey,38.963745,35.243322,3651847
2021,Turkey,38.963745,35.243322,3758216
2010,Mozambique,-18.665695,35.529562,4072
2011,Mozambique,-18.665695,35.529562,4074
2012,Mozambique,-18.665695,35.529562,4395
2013,Mozambique,-18.665695,35.529562,4443
2014,Mozambique,-18.665695,35.529562,4534
2015,Mozambique,-18.665695,35.529562,5624
2016,Mozambique,-18.665695,35.529562,4663
2017,Mozambique,-18.665695,35.529562,4876
2018,Mozambique,-18.665695,35.529562,4910
2019,Mozambique,-18.665695,35.529562,4713
2020,Mozambique,-18.665695,35.529562,4757
2021,Mozambique,-18.665695,35.529562,4797
2010,Lebanon,33.854721,35.862285,8040
2011,Lebanon,33.854721,35.862285,8966
2012,Lebanon,33.854721,35.862285,133913
2013,Lebanon,33.854721,35.862285,856539
2014,Lebanon,33.854721,35.862285,1154005
2015,Lebanon,33.854721,35.862285,1070795
2016,Lebanon,33.854721,35.862285,1012909
2017,Lebanon,33.854721,35.862285,998837
2018,Lebanon,33.854721,35.862285,949611
2019,Lebanon,33.854721,35.862285,916109
2020,Lebanon,33.854721,35.862285,870351
2021,Lebanon,33.854721,35.862285,845827
2010,Jordan,30.585164,36.238414,450862
2011,Jordan,30.585164,36.238414,450960
2012,Jordan,30.585164,36.238414,302661
2013,Jordan,30.585164,36.238414,641876
2014,Jordan,30.585164,36.238414,654113
2015,Jordan,30.585164,36.238414,664092
2016,Jordan,30.585164,36.238414,685166
2017,Jordan,30.585164,36.238414,690992
2018,Jordan,30.585164,36.238414,715287
2019,Jordan,30.585164,36.238414,693657
2020,Jordan,30.585164,36.238414,702450
2021,Jordan,30.585164,36.238414,712812
2010,Kenya,-0.023559,37.906193,402891
2011,Kenya,-0.023559,37.906193,566482
2012,Kenya,-0.023559,37.906193,548147
2013,Kenya,-0.023559,37.906193,515005
2014,Kenya,-0.023559,37.906193,462125
2015,Kenya,-0.023559,37.906193,458236
2016,Kenya,-0.023559,37.906193,363951
2017,Kenya,-0.023559,37.906193,320385
2018,Kenya,-0.023559,37.906193,306041
2019,Kenya,-0.023559,37.906193,317489
2020,Kenya,-0.023559,37.906193,329004
2021,Kenya,-0.023559,37.906193,345793
2010,Syrian Arab Republic,34.802075,38.996815,1005410
2011,Syrian Arab Republic,34.802075,38.996815,755435
2012,Syrian Arab Republic,34.802075,38.996815,476482
2013,Syrian Arab Republic,34.802075,38.996815,149255
2014,Syrian Arab Republic,34.802075,38.996815,149056
2015,Syrian Arab Republic,34.802075,38.996815,21033
2016,Syrian Arab Republic,34.802075,38.996815,19709
2017,Syrian Arab Republic,34.802075,38.996815,19315
2018,Syrian Arab Republic,34.802075,38.996815,18711
2019,Syrian Arab Republic,34.802075,38.996815,16128
2020,Syrian Arab Republic,34.802075,38.996815,15218
2021,Syrian Arab Republic,34.802075,38.996815,14229
2010,Eritrea,15.179384,39.782334,4809
2011,Eritrea,15.179384,39.782334,4719
2012,Eritrea,15.179384,39.782334,3575
2013,Eritrea,15.179384,39.782334,3150
2014,Eritrea,15.179384,39.782334,2883
2015,Eritrea,15.179384,39.782334,2539
2016,Eritrea,15.179384,39.782334,2334
2017,Eritrea,15.179384,39.782334,2383
2018,Eritrea,15.179384,39.782334,2244
2019,Eritrea,15.179384,39.782334,192
2020,Eritrea,15.179384,39.782334,194
2021,Eritrea,15.179384,39.782334,114
2010,Ethiopia,9.145,40.489673,154288
2011,Ethiopia,9.145,40.489673,288839
2012,Ethiopia,9.145,40.489673,317673
2013,Ethiopia,9.145,40.489673,362427
2014,Ethiopia,9.145,40.489673,407729
2015,Ethiopia,9.145,40.489673,454573
2016,Ethiopia,9.145,40.489673,452857
2017,Ethiopia,9.145,40.489673,468039
2018,Ethiopia,9.145,40.489673,481091
2019,Ethiopia,9.145,40.489673,399109
2020,Ethiopia,9.145,40.489673,435424
2021,Ethiopia,9.145,40.489673,434533
2010,Djibouti,11.825138,42.590275,15102
2011,Djibouti,11.825138,42.590275,20336
2012,Djibouti,11.825138,42.590275,19136
2013,Djibouti,11.825138,42.590275,20010
2014,Djibouti,11.825138,42.590275,20525
2015,Djibouti,11.825138,42.590275,19369
2016,Djibouti,11.825138,42.590275,17683
2017,Djibouti,11.825138,42.590275,17553
2018,Djibouti,11.825138,42.590275,18293
2019,Djibouti,11.825138,42.590275,19639
2020,Djibouti,11.825138,42.590275,21193
2021,Djibouti,11.825138,42.590275,23232
2010,Georgia,42.315407,43.356892,638
2011,Georgia,42.315407,43.356892,461
2012,Georgia,42.315407,43.356892,468
2013,Georgia,42.315407,43.356892,847
2014,Georgia,42.315407,43.356892,858
2015,Georgia,42.315407,43.356892,1973
2016,Georgia,42.315407,43.356892,2117
2017,Georgia,42.315407,43.356892,2084
2018,Georgia,42.315407,43.356892,1981
2019,Georgia,42.315407,43.356892,1343
2020,Georgia,42.315407,43.356892,1764
2021,Georgia,42.315407,43.356892,1790
2010,Iraq,33.223191,43.679291,34647
2011,Iraq,33.223191,43.679291,35184
2012,Iraq,33.223191,43.679291,98818
2013,Iraq,33.223191,43.679291,246294
2014,Iraq,33.223191,43.679291,271137
2015,Iraq,33.223191,43.679291,277702
2016,Iraq,33.223191,43.679291,261863
2017,Iraq,33.223191,43.679291,277668
2018,Iraq,33.223191,43.679291,283018
2019,Iraq,33.223191,43.679291,273986
2020,Iraq,33.223191,43.679291,270377
2021,Iraq,33.223191,43.679291,280072
2021,Comoros,-11.875001,43.872219,27
2010,Armenia,40.069099,45.038189,3292
2011,Armenia,40.069099,45.038189,2913
2012,Armenia,40.069099,45.038189,2849
2013,Armenia,40.069099,45.038189,13727
2014,Armenia,40.069099,45.038189,17635
2015,Armenia,40.069099,45.038189,19314
2016,Armenia,40.069099,45.038189,17883
2017,Armenia,40.069099,45.038189,17968
2018,Armenia,40.069099,45.038189,17966
2019,Armenia,40.069099,45.038189,17980
2020,Armenia,40.069099,45.038189,107910
2021,Armenia,40.069099,45.038189,34728
2010,Saudi Arabia,23.885942,45.079162,578
2011,Saudi Arabia,23.885942,45.079162,595
2012,Saudi Arabia,23.885942,45.079162,575
2013,Saudi Arabia,23.885942,45.079162,557
2014,Saudi Arabia,23.885942,45.079162,559
2015,Saudi Arabia,23.885942,45.079162,122
2016,Saudi Arabia,23.885942,45.079162,136
2017,Saudi Arabia,23.885942,45.079162,153
2018,Saudi Arabia,23.885942,45.079162,258
2019,Saudi Arabia,23.885942,45.079162,315
2020,Saudi Arabia,23.885942,45.079162,330
2021,Saudi Arabia,23.885942,45.079162,333
2010,Somalia,5.152149,46.199616,1934
2011,Somalia,5.152149,46.199616,2100
2012,Somalia,5.152149,46.199616,2262
2013,Somalia,5.152149,46.199616,2426
2014,Somalia,5.152149,46.199616,2727
2015,Somalia,5.152149,46.199616,8081
2016,Somalia,5.152149,46.199616,11579
2017,Somalia,5.152149,46.199616,14565
2018,Somalia,5.152149,46.199616,16738
2019,Somalia,5.152149,46.199616,17882
2020,Somalia,5.152149,46.199616,11220
2021,Somalia,5.152149,46.199616,13804
2011,Madagascar,-18.766947,46.869107,5
2012,Madagascar,-18.766947,46.869107,5
2013,Madagascar,-18.766947,46.869107,11
2014,Madagascar,-18.766947,46.869107,11
2015,Madagascar,-18.766947,46.869107,6
2016,Madagascar,-18.766947,46.869107,22
2017,Madagascar,-18.766947,46.869107,39
2018,Madagascar,-18.766947,46.869107,39
2019,Madagascar,-18.766947,46.869107,113
2020,Madagascar,-18.766947,46.869107,112
2021,Madagascar,-18.766947,46.869107,165
2010,Kuwait,29.31166,47.481766,185
2011,Kuwait,29.31166,47.481766,331
2012,Kuwait,29.31166,47.481766,655
2013,Kuwait,29.31166,47.481766,613
2014,Kuwait,29.31166,47.481766,591
2015,Kuwait,29.31166,47.481766,716
2016,Kuwait,29.31166,47.481766,915
2017,Kuwait,29.31166,47.481766,613
2018,Kuwait,29.31166,47.481766,671
2019,Kuwait,29.31166,47.481766,686
2020,Kuwait,29.31166,47.481766,732
2021,Kuwait,29.31166,47.481766,720
2010,Azerbaijan,40.143105,47.576927,1894
2011,Azerbaijan,40.143105,47.576927,1727
2012,Azerbaijan,40.143105,47.576927,1467
2013,Azerbaijan,40.143105,47.576927,1377
2014,Azerbaijan,40.143105,47.576927,1298
2015,Azerbaijan,40.143105,47.576927,1279
2016,Azerbaijan,40.143105,47.576927,1193
2017,Azerbaijan,40.143105,47.576927,1120
2018,Azerbaijan,40.143105,47.576927,1130
2019,Azerbaijan,40.143105,47.576927,1109
2020,Azerbaijan,40.143105,47.576927,1572
2021,Azerbaijan,40.143105,47.576927,1676
2010,Yemen,15.552727,48.516388,190083
2011,Yemen,15.552727,48.516388,214736
2012,Yemen,15.552727,48.516388,237176
2013,Yemen,15.552727,48.516388,241281
2014,Yemen,15.552727,48.516388,257637
2015,Yemen,15.552727,48.516388,267163
2016,Yemen,15.552727,48.516388,269778
2017,Yemen,15.552727,48.516388,270913
2018,Yemen,15.552727,48.516388,264359
2019,Yemen,15.552727,48.516388,268503
2020,Yemen,15.552727,48.516388,166906
2021,Yemen,15.552727,48.516388,89467
2010,Bahrain,25.930414,50.637772,165
2011,Bahrain,25.930414,50.637772,199
2012,Bahrain,25.930414,50.637772,289
2013,Bahrain,25.930414,50.637772,294
2014,Bahrain,25.930414,50.637772,310
2015,Bahrain,25.930414,50.637772,246
2016,Bahrain,25.930414,50.637772,270
2017,Bahrain,25.930414,50.637772,255
2018,Bahrain,25.930414,50.637772,262
2019,Bahrain,25.930414,50.637772,251
2020,Bahrain,25.930414,50.637772,256
2021,Bahrain,25.930414,50.637772,256
2010,Qatar,25.354826,51.183884,51
2011,Qatar,25.354826,51.183884,80
2012,Qatar,25.354826,51.183884,80
2013,Qatar,25.354826,51.183884,130
2014,Qatar,25.354826,51.183884,132
2015,Qatar,25.354826,51.183884,117
2016,Qatar,25.354826,51.183884,176
2017,Qatar,25.354826,51.183884,188
2018,Qatar,25.354826,51.183884,189
2019,Qatar,25.354826,51.183884,202
2020,Qatar,25.354826,51.183884,201
2021,Qatar,25.354826,51.183884,197
2010,Iran,32.427908,53.688046,1073363
2011,Iran,32.427908,53.688046,886465
2012,Iran,32.427908,53.688046,868239
2013,Iran,32.427908,53.688046,857352
2014,Iran,32.427908,53.688046,982025
2015,Iran,32.427908,53.688046,979435
2016,Iran,32.427908,53.688046,979435
2017,Iran,32.427908,53.688046,979435
2018,Iran,32.427908,53.688046,979435
2019,Iran,32.427908,53.688046,979435
2020,Iran,32.427908,53.688046,800025
2021,Iran,32.427908,53.688046,798343
2010,United Arab Emirates,23.424076,53.847818,538
2011,United Arab Emirates,23.424076,53.847818,675
2012,United Arab Emirates,23.424076,53.847818,628
2013,United Arab Emirates,23.424076,53.847818,602
2014,United Arab Emirates,23.424076,53.847818,419
2015,United Arab Emirates,23.424076,53.847818,658
2016,United Arab Emirates,23.424076,53.847818,888
2017,United Arab Emirates,23.424076,53.847818,884
2018,United Arab Emirates,23.424076,53.847818,1167
2019,United Arab Emirates,23.424076,53.847818,1242
2020,United Arab Emirates,23.424076,53.847818,1315
2021,United Arab Emirates,23.424076,53.847818,1355
2010,Oman,21.512583,55.923255,78
2011,Oman,21.512583,55.923255,83
2012,Oman,21.512583,55.923255,138
2013,Oman,21.512583,55.923255,138
2014,Oman,21.512583,55.923255,150
2015,Oman,21.512583,55.923255,244
2016,Oman,21.512583,55.923255,316
2017,Oman,21.512583,55.923255,308
2018,Oman,21.512583,55.923255,310
2019,Oman,21.512583,55.923255,308
2020,Oman,21.512583,55.923255,308
2021,Oman,21.512583,55.923255,295
2016,Mauritius,-20.348404,57.552152,0
2017,Mauritius,-20.348404,57.552152,5
2018,Mauritius,-20.348404,57.552152,16
2019,Mauritius,-20.348404,57.552152,20
2020,Mauritius,-20.348404,57.552152,20
2021,Mauritius,-20.348404,57.552152,10
2010,Turkmenistan,38.969719,59.556278,64
2011,Turkmenistan,38.969719,59.556278,59
2012,Turkmenistan,38.969719,59.556278,46
2013,Turkmenistan,38.969719,59.556278,45
2014,Turkmenistan,38.969719,59.556278,34
2015,Turkmenistan,38.969719,59.556278,25
2016,Turkmenistan,38.969719,59.556278,26
2017,Turkmenistan,38.969719,59.556278,22
2018,Turkmenistan,38.969719,59.556278,21
2019,Turkmenistan,38.969719,59.556278,21
2020,Turkmenistan,38.969719,59.556278,20
2021,Turkmenistan,38.969719,59.556278,16
2010,Uzbekistan,41.377491,64.585262,309
2011,Uzbekistan,41.377491,64.585262,216
2012,Uzbekistan,41.377491,64.585262,178
2013,Uzbekistan,41.377491,64.585262,143
2014,Uzbekistan,41.377491,64.585262,123
2015,Uzbekistan,41.377491,64.585262,106
2016,Uzbekistan,41.377491,64.585262,26
2017,Uzbekistan,41.377491,64.585262,20
2018,Uzbekistan,41.377491,64.585262,13
2019,Uzbekistan,41.377491,64.585262,13
2020,Uzbekistan,41.377491,64.585262,13
2021,Uzbekistan,41.377491,64.585262,13032
2010,Kazakhstan,48.019573,66.923684,4403
2011,Kazakhstan,48.019573,66.923684,613
2012,Kazakhstan,48.019573,66.923684,561
2013,Kazakhstan,48.019573,66.923684,580
2014,Kazakhstan,48.019573,66.923684,628
2015,Kazakhstan,48.019573,66.923684,701
2016,Kazakhstan,48.019573,66.923684,647
2017,Kazakhstan,48.019573,66.923684,602
2018,Kazakhstan,48.019573,66.923684,568
2019,Kazakhstan,48.019573,66.923684,518
2020,Kazakhstan,48.019573,66.923684,440
2021,Kazakhstan,48.019573,66.923684,352
2010,Afghanistan,33.93911,67.709953,6434
2011,Afghanistan,33.93911,67.709953,3011
2012,Afghanistan,33.93911,67.709953,16184
2013,Afghanistan,33.93911,67.709953,16861
2014,Afghanistan,33.93911,67.709953,300421
2015,Afghanistan,33.93911,67.709953,257553
2016,Afghanistan,33.93911,67.709953,59770
2017,Afghanistan,33.93911,67.709953,75927
2018,Afghanistan,33.93911,67.709953,72228
2019,Afghanistan,33.93911,67.709953,72227
2020,Afghanistan,33.93911,67.709953,72278
2021,Afghanistan,33.93911,67.709953,66949
2010,Pakistan,30.375321,69.345116,1900619
2011,Pakistan,30.375321,69.345116,1702698
2012,Pakistan,30.375321,69.345116,1638452
2013,Pakistan,30.375321,69.345116,1616505
2014,Pakistan,30.375321,69.345116,1505521
2015,Pakistan,30.375321,69.345116,1561157
2016,Pakistan,30.375321,69.345116,1352551
2017,Pakistan,30.375321,69.345116,1393132
2018,Pakistan,30.375321,69.345116,1404008
2019,Pakistan,30.375321,69.345116,1419596
2020,Pakistan,30.375321,69.345116,1438940
2021,Pakistan,30.375321,69.345116,1491070
2010,Tajikistan,38.861034,71.276093,3131
2011,Tajikistan,38.861034,71.276093,3322
2012,Tajikistan,38.861034,71.276093,2248
2013,Tajikistan,38.861034,71.276093,2050
2014,Tajikistan,38.861034,71.276093,2027
2015,Tajikistan,38.861034,71.276093,1963
2016,Tajikistan,38.861034,71.276093,2724
2017,Tajikistan,38.861034,71.276093,2521
2018,Tajikistan,38.861034,71.276093,2654
2019,Tajikistan,38.861034,71.276093,3788
2020,Tajikistan,38.861034,71.276093,5578
2021,Tajikistan,38.861034,71.276093,10724
2010,Kyrgyzstan,41.20438,74.766098,2462
2011,Kyrgyzstan,41.20438,74.766098,6097
2012,Kyrgyzstan,41.20438,74.766098,4940
2013,Kyrgyzstan,41.20438,74.766098,468
2014,Kyrgyzstan,41.20438,74.766098,484
2015,Kyrgyzstan,41.20438,74.766098,349
2016,Kyrgyzstan,41.20438,74.766098,334
2017,Kyrgyzstan,41.20438,74.766098,334
2018,Kyrgyzstan,41.20438,74.766098,329
2019,Kyrgyzstan,41.20438,74.766098,347
2020,Kyrgyzstan,41.20438,74.766098,334
2021,Kyrgyzstan,41.20438,74.766098,317
2010,India,20.593684,78.96288,184814
2011,India,20.593684,78.96288,185118
2012,India,20.593684,78.96288,185644
2013,India,20.593684,78.96288,188391
2014,India,20.593684,78.96288,199931
2015,India,20.593684,78.96288,201379
2016,India,20.593684,78.96288,197848
2017,India,20.593684,78.96288,197136
2018,India,20.593684,78.96288,195882
2019,India,20.593684,78.96288,178579
2020,India,20.593684,78.96288,195373
2021,India,20.593684,78.96288,212408
2010,Sri Lanka,7.873054,80.771797,224
2011,Sri Lanka,7.873054,80.771797,187
2012,Sri Lanka,7.873054,80.771797,109
2013,Sri Lanka,7.873054,80.771797,143
2014,Sri Lanka,7.873054,80.771797,508
2015,Sri Lanka,7.873054,80.771797,781
2016,Sri Lanka,7.873054,80.771797,602
2017,Sri Lanka,7.873054,80.771797,820
2018,Sri Lanka,7.873054,80.771797,796
2019,Sri Lanka,7.873054,80.771797,1041
2020,Sri Lanka,7.873054,80.771797,1008
2021,Sri Lanka,7.873054,80.771797,907
2010,Nepal,28.394857,84.124008,74804
2011,Nepal,28.394857,84.124008,57651
2012,Nepal,28.394857,84.124008,41263
2013,Nepal,28.394857,84.124008,31303
2014,Nepal,28.394857,84.124008,23490
2015,Nepal,28.394857,84.124008,17669
2016,Nepal,28.394857,84.124008,11740
2017,Nepal,28.394857,84.124008,7958
2018,Nepal,28.394857,84.124008,7295
2019,Nepal,28.394857,84.124008,7030
2020,Nepal,28.394857,84.124008,7015
2021,Nepal,28.394857,84.124008,7034
2010,Bangladesh,23.684994,90.356331,229256
2011,Bangladesh,23.684994,90.356331,229669
2012,Bangladesh,23.684994,90.356331,230696
2013,Bangladesh,23.684994,90.356331,231142
2014,Bangladesh,23.684994,90.356331,232468
2015,Bangladesh,23.684994,90.356331,231954
2016,Bangladesh,23.684994,90.356331,276203
2017,Bangladesh,23.684994,90.356331,932209
2018,Bangladesh,23.684994,90.356331,906640
2019,Bangladesh,23.684994,90.356331,854779
2020,Bangladesh,23.684994,90.356331,866534
2021,Bangladesh,23.684994,90.356331,918907
2010,Myanmar,21.913965,95.956223,0
2011,Myanmar,21.913965,95.956223,0
2012,Myanmar,21.913965,95.956223,0
2013,Myanmar,21.913965,95.956223,0
2014,Myanmar,21.913965,95.956223,0
2015,Myanmar,21.913965,95.956223,0
2016,Myanmar,21.913965,95.956223,0
2017,Myanmar,21.913965,95.956223,0
2018,Myanmar,21.913965,95.956223,0
2019,Myanmar,21.913965,95.956223,0
2020,Myanmar,21.913965,95.956223,0
2021,Myanmar,21.913965,95.956223,0
2010,Thailand,15.870032,100.992541,96666
2011,Thailand,15.870032,100.992541,89245
2012,Thailand,15.870032,100.992541,84470
2013,Thailand,15.870032,100.992541,136484
2014,Thailand,15.870032,100.992541,130227
2015,Thailand,15.870032,100.992541,108252
2016,Thailand,15.870032,100.992541,106431
2017,Thailand,15.870032,100.992541,104605
2018,Thailand,15.870032,100.992541,102234
2019,Thailand,15.870032,100.992541,97556
2020,Thailand,15.870032,100.992541,96179
2021,Thailand,15.870032,100.992541,100510
2010,Malaysia,4.210484,101.975766,81518
2011,Malaysia,4.210484,101.975766,86676
2012,Malaysia,4.210484,101.975766,90173
2013,Malaysia,4.210484,101.975766,97502
2014,Malaysia,4.210484,101.975766,99362
2015,Malaysia,4.210484,101.975766,94153
2016,Malaysia,4.210484,101.975766,92251
2017,Malaysia,4.210484,101.975766,103832
2018,Malaysia,4.210484,101.975766,121294
2019,Malaysia,4.210484,101.975766,129089
2020,Malaysia,4.210484,101.975766,129886
2021,Malaysia,4.210484,101.975766,132062
2010,Singapore,1.352083,103.819836,5
2014,Singapore,1.352083,103.819836,5
2010,Mongolia,46.862496,103.846656,12
2011,Mongolia,46.862496,103.846656,0
2012,Mongolia,46.862496,103.846656,5
2013,Mongolia,46.862496,103.846656,8
2014,Mongolia,46.862496,103.846656,5
2015,Mongolia,46.862496,103.846656,11
2016,Mongolia,46.862496,103.846656,10
2017,Mongolia,46.862496,103.846656,5
2018,Mongolia,46.862496,103.846656,5
2019,Mongolia,46.862496,103.846656,0
2020,Mongolia,46.862496,103.846656,0
2021,Mongolia,46.862496,103.846656,0
2010,China,35.86166,104.195397,300984
2011,China,35.86166,104.195397,301016
2012,China,35.86166,104.195397,301037
2013,China,35.86166,104.195397,301045
2014,China,35.86166,104.195397,301052
2015,China,35.86166,104.195397,301044
2016,China,35.86166,104.195397,317254
2017,China,35.86166,104.195397,321714
2018,China,35.86166,104.195397,321758
2019,China,35.86166,104.195397,303379
2020,China,35.86166,104.195397,303405
2021,China,35.86166,104.195397,303436
2010,Cambodia,12.565679,104.990963,124
2011,Cambodia,12.565679,104.990963,61
2012,Cambodia,12.565679,104.990963,75
2013,Cambodia,12.565679,104.990963,64
2014,Cambodia,12.565679,104.990963,59
2015,Cambodia,12.565679,104.990963,74
2016,Cambodia,12.565679,104.990963,61
2017,Cambodia,12.565679,104.990963,61
2019,Cambodia,12.565679,104.990963,0
2020,Cambodia,12.565679,104.990963,0
2021,Cambodia,12.565679,104.990963,24
2010,Russia,61.52401,105.318756,4901
2011,Russia,61.52401,105.318756,3895
2012,Russia,61.52401,105.318756,3126
2013,Russia,61.52401,105.318756,3417
2014,Russia,61.52401,105.318756,235727
2015,Russia,61.52401,105.318756,314473
2016,Russia,61.52401,105.318756,228955
2017,Russia,61.52401,105.318756,126004
2018,Russia,61.52401,105.318756,77360
2019,Russia,61.52401,105.318756,42380
2020,Russia,61.52401,105.318756,20224
2021,Russia,61.52401,105.318756,10860
2010,Vietnam,14.058324,108.277199,1928
2011,Vietnam,14.058324,108.277199,990
2010,Macao,22.198745,113.543873,0
2011,Macao,22.198745,113.543873,0
2012,Macao,22.198745,113.543873,0
2013,Macao,22.198745,113.543873,0
2014,Macao,22.198745,113.543873,0
2015,Macao,22.198745,113.543873,0
2016,Macao,22.198745,113.543873,0
2017,Macao,22.198745,113.543873,0
2010,Indonesia,-0.789275,113.921327,808
2011,Indonesia,-0.789275,113.921327,1004
2012,Indonesia,-0.789275,113.921327,1811
2013,Indonesia,-0.789275,113.921327,3195
2014,Indonesia,-0.789275,113.921327,4267
2015,Indonesia,-0.789275,113.921327,5954
2016,Indonesia,-0.789275,113.921327,7824
2017,Indonesia,-0.789275,113.921327,9782
2018,Indonesia,-0.789275,113.921327,10786
2019,Indonesia,-0.789275,113.921327,10287
2020,Indonesia,-0.789275,113.921327,10114
2021,Indonesia,-0.789275,113.921327,9982
2010,Hong Kong S.A.R.,22.396428,114.109497,149
2011,Hong Kong S.A.R.,22.396428,114.109497,146
2012,Hong Kong S.A.R.,22.396428,114.109497,105
2013,Hong Kong S.A.R.,22.396428,114.109497,113
2014,Hong Kong S.A.R.,22.396428,114.109497,160
2015,Hong Kong S.A.R.,22.396428,114.109497,109
2016,Hong Kong S.A.R.,22.396428,114.109497,91
2017,Hong Kong S.A.R.,22.396428,114.109497,85
2018,Hong Kong S.A.R.,22.396428,114.109497,128
2019,Hong Kong S.A.R.,22.396428,114.109497,128
2020,Hong Kong S.A.R.,22.396428,114.109497,245
2021,Hong Kong S.A.R.,22.396428,114.109497,271
2010,Philippines,12.879721,121.774017,233
2011,Philippines,12.879721,121.774017,113
2012,Philippines,12.879721,121.774017,136
2013,Philippines,12.879721,121.774017,173
2014,Philippines,12.879721,121.774017,208
2015,Philippines,12.879721,121.774017,249
2016,Philippines,12.879721,121.774017,392
2017,Philippines,12.879721,121.774017,507
2018,Philippines,12.879721,121.774017,626
2019,Philippines,12.879721,121.774017,675
2020,Philippines,12.879721,121.774017,709
2021,Philippines,12.879721,121.774017,796
2010,South Korea,35.907757,127.766922,352
2011,South Korea,35.907757,127.766922,389
2012,South Korea,35.907757,127.766922,488
2013,South Korea,35.907757,127.766922,548
2014,South Korea,35.907757,127.766922,1164
2015,South Korea,35.907757,127.766922,1455
2016,South Korea,35.907757,127.766922,1798
2017,South Korea,35.907757,127.766922,2238
2018,South Korea,35.907757,127.766922,2890
2019,South Korea,35.907757,127.766922,3196
2020,South Korea,35.907757,127.766922,3443
2021,South Korea,35.907757,127.766922,3559
2010,Australia,-25.274398,133.775136,21210
2011,Australia,-25.274398,133.775136,22384
2012,Australia,-25.274398,133.775136,28450
2013,Australia,-25.274398,133.775136,32612
2014,Australia,-25.274398,133.775136,33823
2015,Australia,-25.274398,133.775136,35155
2016,Australia,-25.274398,133.775136,40103
2017,Australia,-25.274398,133.775136,45800
2018,Australia,-25.274398,133.775136,52095
2019,Australia,-25.274398,133.775136,52940
2020,Australia,-25.274398,133.775136,52547
2021,Australia,-25.274398,133.775136,50200
2010,Japan,36.204824,138.252924,2372
2011,Japan,36.204824,138.252924,2406
2012,Japan,36.204824,138.252924,2363
2013,Japan,36.204824,138.252924,2354
2014,Japan,36.204824,138.252924,2305
2015,Japan,36.204824,138.252924,2241
2016,Japan,36.204824,138.252924,2264
2017,Japan,36.204824,138.252924,1919
2018,Japan,36.204824,138.252924,1599
2019,Japan,36.204824,138.252924,1161
2020,Japan,36.204824,138.252924,794
2021,Japan,36.204824,138.252924,1170
2010,Papua New Guinea,-6.314993,143.95555,9699
2011,Papua New Guinea,-6.314993,143.95555,9378
2012,Papua New Guinea,-6.314993,143.95555,9378
2013,Papua New Guinea,-6.314993,143.95555,9373
2014,Papua New Guinea,-6.314993,143.95555,9488
2015,Papua New Guinea,-6.314993,143.95555,9488
2016,Papua New Guinea,-6.314993,143.95555,9513
2017,Papua New Guinea,-6.314993,143.95555,9939
2018,Papua New Guinea,-6.314993,143.95555,9943
2019,Papua New Guinea,-6.314993,143.95555,9689
2020,Papua New Guinea,-6.314993,143.95555,10776
2021,Papua New Guinea,-6.314993,143.95555,11834
2015,Micronesia, Federated States of,7.425554,150.550812,5
2016,Micronesia, Federated States of,7.425554,150.550812,5
2012,Solomon Islands,-9.64571,160.156194,0
2013,Solomon Islands,-9.64571,160.156194,0
2014,Solomon Islands,-9.64571,160.156194,5
2015,Solomon Islands,-9.64571,160.156194,5
2018,Solomon Islands,-9.64571,160.156194,0
2021,Solomon Islands,-9.64571,160.156194,0
2012,Nauru,-0.522778,166.931503,0
2013,Nauru,-0.522778,166.931503,0
2014,Nauru,-0.522778,166.931503,337
2015,Nauru,-0.522778,166.931503,430
2016,Nauru,-0.522778,166.931503,430
2017,Nauru,-0.522778,166.931503,899
2018,Nauru,-0.522778,166.931503,899
2019,Nauru,-0.522778,166.931503,712
2020,Nauru,-0.522778,166.931503,1008
2021,Nauru,-0.522778,166.931503,894
2010,Vanuatu,-15.376706,166.959158,5
2021,Vanuatu,-15.376706,166.959158,0
2010,New Zealand,-40.900557,174.885971,2182
2011,New Zealand,-40.900557,174.885971,1843
2012,New Zealand,-40.900557,174.885971,1499
2013,New Zealand,-40.900557,174.885971,1339
2014,New Zealand,-40.900557,174.885971,1217
2015,New Zealand,-40.900557,174.885971,1123
2016,New Zealand,-40.900557,174.885971,1168
2017,New Zealand,-40.900557,174.885971,1170
2018,New Zealand,-40.900557,174.885971,1159
2019,New Zealand,-40.900557,174.885971,1194
2020,New Zealand,-40.900557,174.885971,1173
2021,New Zealand,-40.900557,174.885971,1151
2010,Fiji,-16.578193,179.414413,0
2011,Fiji,-16.578193,179.414413,5
2012,Fiji,-16.578193,179.414413,0
2013,Fiji,-16.578193,179.414413,0
2014,Fiji,-16.578193,179.414413,7
2015,Fiji,-16.578193,179.414413,7
2016,Fiji,-16.578193,179.414413,7
2017,Fiji,-16.578193,179.414413,7
2018,Fiji,-16.578193,179.414413,0
2019,Fiji,-16.578193,179.414413,12
2020,Fiji,-16.578193,179.414413,14
2021,Fiji,-16.578193,179.414413,18
